"requirement_id","category","status","requirement_ar","implementation_trace","test_or_verification","acceptance_or_gap"
"BR-001","Business rule","Implemented","النظام داخلي لشركة CloudTech واحدة؛ لا يوجد tenant أو بوابة عميل.","app/Models/User.php; app/Policies/*; routes/web.php","tests/Feature/Auth/*; tests/Feature/*Authorization*",""
"BR-002","Business rule","Implemented","لا يسمح حساب غير نشط أو مؤرشف بالمصادقة أو بالمرور عبر Policies.","app/Models/User.php; app/Policies/*; routes/web.php","tests/Feature/Auth/*; tests/Feature/*Authorization*",""
"BR-003","Business rule","Implemented","Admin يرى كل المشاريع والعملاء والقوالب، بينما تحدد العضوية/الملكية رؤية الأدوار الأخرى.","app/Models/User.php; app/Policies/*; routes/web.php","tests/Feature/Auth/*; tests/Feature/*Authorization*",""
"BR-004","Business rule","Implemented","إدارة المستخدمين والإعدادات وحالات workflow ومركز البيانات والنسخ محصورة في Admin.","app/Models/User.php; app/Policies/*; routes/web.php","tests/Feature/Auth/*; tests/Feature/*Authorization*",""
"BR-005","Business rule","Implemented","إدارة المشروع تتطلب Admin أو manager_id أو عضوية نشطة بدور manager.","app/Models/User.php; app/Policies/*; routes/web.php","tests/Feature/Auth/*; tests/Feature/*Authorization*",""
"BR-006","Business rule","Implemented","المستخدم المنشئ للمشروع يضاف مديراً في عضوية المشروع إذا لم يكن موجوداً.","app/Models/User.php; app/Policies/*; routes/web.php","tests/Feature/Auth/*; tests/Feature/*Authorization*",""
"BR-007","Business rule","Implemented","عميل المشروع يجب أن يكون نشطاً وغير مؤرشف وقابلاً للإدارة من المستخدم عند الإنشاء/التعديل.","app/Models/Client.php; app/Models/Contact.php; app/Models/Project.php; app/Http/Requests/*","tests/Feature/ClientContactCrudTest.php; tests/Feature/ProjectWorkflowTest.php",""
"BR-008","Business rule","Implemented","جهة الاتصال الأساسية يجب أن تكون نشطة وتتبع العميل نفسه، ولا توجد أكثر من جهة أساسية واحدة فعالة.","app/Models/Client.php; app/Models/Contact.php; app/Models/Project.php; app/Http/Requests/*","tests/Feature/ClientContactCrudTest.php; tests/Feature/ProjectWorkflowTest.php",""
"BR-009","Business rule","Implemented","أكواد العملاء والمشاريع فريدة عالمياً؛ كود المهمة والمتطلب فريد داخل المشروع.","app/Models/Client.php; app/Models/Contact.php; app/Models/Project.php; app/Http/Requests/*","tests/Feature/ClientContactCrudTest.php; tests/Feature/ProjectWorkflowTest.php",""
"BR-010","Business rule","Implemented","الأولويات الموحدة للمشروع والمهمة والمتطلب هي low/medium/high/critical.","app/Models/Task.php; app/Services/TaskService.php; app/Services/ProjectMetrics.php; app/Services/Governance/*","tests/Feature/TaskWorkflowTest.php; tests/Unit/ProjectMetricsTest.php; tests/Feature/GovernanceResourcesTest.php",""
"BR-011","Business rule","Implemented","المهمة لا توجد إنتاجياً دون `start_at` و`due_at`، ويجب ألا تسبق النهاية البداية.","app/Models/Task.php; app/Services/TaskService.php; app/Services/ProjectMetrics.php; app/Services/Governance/*","tests/Feature/TaskWorkflowTest.php; tests/Unit/ProjectMetricsTest.php; tests/Feature/GovernanceResourcesTest.php",""
"BR-012","Business rule","Implemented","المسؤول عن المهمة اختياري، وغيابه يعني `assigned_at = null`.","app/Models/Task.php; app/Services/TaskService.php; app/Services/ProjectMetrics.php; app/Services/Governance/*","tests/Feature/TaskWorkflowTest.php; tests/Unit/ProjectMetricsTest.php; tests/Feature/GovernanceResourcesTest.php",""
"BR-013","Business rule","Implemented","المسؤول ومالك المتطلب/المخاطرة/المشكلة/البند والمنظم والحضور يجب أن يكونوا أعضاء نشطين في المشروع وفق القاعدة الخاصة بكل مورد.","app/Models/Task.php; app/Services/TaskService.php; app/Services/ProjectMetrics.php; app/Services/Governance/*","tests/Feature/TaskWorkflowTest.php; tests/Unit/ProjectMetricsTest.php; tests/Feature/GovernanceResourcesTest.php",""
"BR-014","Business rule","Implemented","تغيير المسؤول يسجل AssignmentEvent بعد الحفظ فقط؛ تغيير واجهة غير محفوظ لا يكتب حدثاً.","app/Models/Task.php; app/Services/TaskService.php; app/Services/ProjectMetrics.php; app/Services/Governance/*","tests/Feature/TaskWorkflowTest.php; tests/Unit/ProjectMetricsTest.php; tests/Feature/GovernanceResourcesTest.php",""
"BR-015","Business rule","Implemented","دلالة حالة `done` هي التي تتحكم في `completed_at` وتدخل في حساب الإنجاز، لا نص label.","app/Models/Task.php; app/Services/TaskService.php; app/Services/ProjectMetrics.php; app/Services/Governance/*","tests/Feature/TaskWorkflowTest.php; tests/Unit/ProjectMetricsTest.php; tests/Feature/GovernanceResourcesTest.php",""
"BR-016","Business rule","Implemented","تقدم المشروع = عدد المهام done ÷ كل المهام غير المؤرشفة وغير cancelled، مقرباً لنسبة صحيحة؛ المشروع بلا مهام = 0%.","app/Models/Task.php; app/Services/TaskService.php; app/Services/ProjectMetrics.php; app/Services/Governance/*","tests/Feature/TaskWorkflowTest.php; tests/Unit/ProjectMetricsTest.php; tests/Feature/GovernanceResourcesTest.php",""
"BR-017","Business rule","Implemented","صحة المشروع danger إذا وجدت مهمة مفتوحة متأخرة أو مخاطرة open درجتها ≥16؛ attention عند عمل مفتوح بلا خطر؛ وإلا healthy.","app/Models/Task.php; app/Services/TaskService.php; app/Services/ProjectMetrics.php; app/Services/Governance/*","tests/Feature/TaskWorkflowTest.php; tests/Unit/ProjectMetricsTest.php; tests/Feature/GovernanceResourcesTest.php",""
"BR-018","Business rule","Implemented","المرحلة التالية هي بند غير اجتماع وغير مؤرشف: in_progress أولاً، وإلا أقرب planned مستقبلي، مع استبعاد completed/cancelled.","app/Models/Task.php; app/Services/TaskService.php; app/Services/ProjectMetrics.php; app/Services/Governance/*","tests/Feature/TaskWorkflowTest.php; tests/Unit/ProjectMetricsTest.php; tests/Feature/GovernanceResourcesTest.php",""
"BR-019","Business rule","Implemented","مخاطرة عالية في اللوحة تعني `probability * impact >= 16` وحالة open.","app/Models/Task.php; app/Services/TaskService.php; app/Services/ProjectMetrics.php; app/Services/Governance/*","tests/Feature/TaskWorkflowTest.php; tests/Unit/ProjectMetricsTest.php; tests/Feature/GovernanceResourcesTest.php",""
"BR-020","Business rule","Implemented","لا تصبح المشكلة resolved أو closed دون نص حل.","app/Models/Task.php; app/Services/TaskService.php; app/Services/ProjectMetrics.php; app/Services/Governance/*","tests/Feature/TaskWorkflowTest.php; tests/Unit/ProjectMetricsTest.php; tests/Feature/GovernanceResourcesTest.php",""
"BR-021","Business rule","Implemented","نهاية الاجتماع إلزامية ويجب أن تكون بعد بدايته، لا مساوية لها.","app/Services/MeetingService.php; app/Services/RequirementBookService.php","tests/Feature/TimelineMeetingWorkflowTest.php; tests/Feature/ProjectDocumentWorkflowTest.php",""
"BR-022","Business rule","Implemented","الاجتماع وبند timeline الخاص به يمثلان سجلاً منطقياً واحداً ويحدثان/يؤرشفان معاً.","app/Services/MeetingService.php; app/Services/RequirementBookService.php","tests/Feature/TimelineMeetingWorkflowTest.php; tests/Feature/ProjectDocumentWorkflowTest.php",""
"BR-023","Business rule","Implemented","يوجد محضر واحد كحد أقصى لكل اجتماع.","app/Services/MeetingService.php; app/Services/RequirementBookService.php","tests/Feature/TimelineMeetingWorkflowTest.php; tests/Feature/ProjectDocumentWorkflowTest.php",""
"BR-024","Business rule","Implemented","توجد كراسة متطلبات واحدة منطقياً لكل مشروع وإصدار حالي واحد غير مؤرشف على الأكثر.","app/Services/MeetingService.php; app/Services/RequirementBookService.php","tests/Feature/TimelineMeetingWorkflowTest.php; tests/Feature/ProjectDocumentWorkflowTest.php",""
"BR-025","Business rule","Implemented","الأرشفة تحفظ تاريخ السجل والملف والروابط، ولا تعني الحذف الفيزيائي.","app/Services/FileService.php; app/Policies/ProjectFilePolicy.php","tests/Feature/*File*; tests/Feature/FileRetentionTest.php",""
"BR-026","Business rule","Implemented","الملف القابل للتنزيل يجب أن يكون `safe` وله رابط نشط في مشروع يراه المستخدم.","app/Services/FileService.php; app/Policies/ProjectFilePolicy.php","tests/Feature/*File*; tests/Feature/FileRetentionTest.php",""
"BR-027","Business rule","Implemented","الملف المرتبط بمهمة/متطلب يجب أن يكون الهدف نشطاً وينتمي إلى المشروع نفسه.","app/Services/FileService.php; app/Policies/ProjectFilePolicy.php","tests/Feature/*File*; tests/Feature/FileRetentionTest.php",""
"BR-028","Business rule","Implemented","قوالب الفواتير ليست فواتير محاسبية ولا تنشئ رصيداً أو تحصيلاً أو حالة دفع أو قيداً.","app/Services/Sales/*; app/Models/SalesDocument.php","tests/Feature/SalesDocumentWorkflowTest.php; tests/Unit/SalesCalculatorTest.php",""
"BR-029","Business rule","Implemented","قالب الفاتورة من نوع invoice وحالته draft أو archived فقط؛ المشروع والعميل والتواريخ سياق معاينة اختياري.","app/Services/Sales/*; app/Models/SalesDocument.php","tests/Feature/SalesDocumentWorkflowTest.php; tests/Unit/SalesCalculatorTest.php",""
"BR-030","Business rule","Implemented","إذا اختير عميل ومشروع للقالب، يجب أن يتبع المشروع ذلك العميل.","app/Services/Sales/*; app/Models/SalesDocument.php","tests/Feature/SalesDocumentWorkflowTest.php; tests/Unit/SalesCalculatorTest.php",""
"BR-031","Business rule","Implemented","إجمالي القالب = subtotal − discount ثم tax على الأساس بعد الخصم ثم total؛ لا تحويل عملات.","app/Services/Sales/*; app/Models/SalesDocument.php","tests/Feature/SalesDocumentWorkflowTest.php; tests/Unit/SalesCalculatorTest.php",""
"BR-032","Business rule","Implemented","رقم القالب يحجز داخل معاملة ولا يعاد استخدامه حتى لو وجدت بيانات تاريخية.","app/Services/Sales/*; app/Models/SalesDocument.php","tests/Feature/SalesDocumentWorkflowTest.php; tests/Unit/SalesCalculatorTest.php",""
"BR-033","Business rule","Implemented","PM يرى ويدير قوالبه فقط، وعلاقة القالب بمشروع لا تمنحه ملكية/عضوية جديدة.","app/Services/Sales/*; app/Models/SalesDocument.php","tests/Feature/SalesDocumentWorkflowTest.php; tests/Unit/SalesCalculatorTest.php",""
"BR-034","Business rule","Implemented","import commit لا يتم إلا من preview صالح وبصمة مطابقة، ويكون كلياً أو لا شيء.","app/Services/DataCenter/*","tests/Feature/DataCenter*",""
"BR-035","Business rule","Implemented","التفضيل الشخصي للتنبيه لا يمكنه تجاوز lead window أو فئة عطلها Admin.","app/Services/NotificationService.php","tests/Feature/*Notification*",""
"BR-036","Business rule","Implemented","استعادة النسخة تتطلب مستخدم Admin نشطاً موجوداً في لقطة المصدر، safety backup، تحققاً كاملاً وسياج كتابة.","app/Services/Backup/*","tests/Feature/Backup*; tests/Feature/Restore*",""
"BR-037","Business rule","Implemented","ملفات النسخ لا تدخل داخل حزمة النسخ الجديدة، والنسخة القديمة database-only لا تدعي استعادة ملفات غائبة.","app/Services/Backup/*","tests/Feature/Backup*; tests/Feature/Restore*",""
"BR-038","Business rule","Implemented","الحالة المستخدمة لا يمكن تعطيلها، ويجب أن يبقى لكل نوع workflow حالة open نشطة.","app/Services/WorkflowStatusService.php","tests/Feature/WorkflowStatus*",""
"BR-039","Business rule","Implemented","الأسبوع الحالي المنفذ يبدأ الأحد وينتهي السبت، وتعد الجمعة والسبت عطلة؛ إعداد التقويم لا يغير ذلك حالياً.","app/Services/WeeklyScheduleBuilder.php; app/Services/SystemSettingService.php","tests/Unit/WeeklyScheduleBuilderTest.php; GAP-007/GAP-008",""
"BR-040","Business rule","Implemented","السجلات القابلة للتعديل التي تدعم `lock_version` ترفض النسخة القديمة بدلاً من الكتابة الصامتة.","app/Models/Concerns/OptimisticLock.php","tests/Feature/*OptimisticLock*",""
"DR-001","Data","Implemented","يجب أن تطبق قاعدة البيانات مفاتيح خارجية وفهارس وفريدات المخطط الحالي.","database/migrations/*; app/Models/*; app/Http/Requests/*","اختبارات الوحدة/التكامل وفحص migration/schema للكيان المرتبط",""
"DR-002","Data","Implemented","يجب أن تكون كل كلمات المرور hashed وأسرار 2FA/Remember Token مخفية عن serialization.","database/migrations/*; app/Models/*; app/Http/Requests/*","اختبارات الوحدة/التكامل وفحص migration/schema للكيان المرتبط",""
"DR-003","Data","Implemented","يجب أن تكون حقول code/number الفريدة محمية في قاعدة البيانات وفي التحقق.","database/migrations/*; app/Models/*; app/Http/Requests/*","اختبارات الوحدة/التكامل وفحص migration/schema للكيان المرتبط",""
"DR-004","Data","Implemented","يجب أن تستخدم أوقات المجال UTC عند التخزين بعد تطبيع توقيت العمل، مع عرض ISO/local مناسب.","database/migrations/*; app/Models/*; app/Http/Requests/*","اختبارات الوحدة/التكامل وفحص migration/schema للكيان المرتبط",""
"DR-005","Data","Implemented","يجب أن تحتفظ المهمة ببداية ونهاية غير NULL، بينما يكون المسؤول ووقت الإسناد اختياريين ومتسقين.","database/migrations/*; app/Models/*; app/Http/Requests/*","اختبارات الوحدة/التكامل وفحص migration/schema للكيان المرتبط",""
"DR-006","Data","Implemented","يجب أن تحافظ علاقة requirement_task على تفرد الزوج وألا تعبر المشاريع وفق تحقق الخادم.","database/migrations/*; app/Models/*; app/Http/Requests/*","اختبارات الوحدة/التكامل وفحص migration/schema للكيان المرتبط",""
"DR-007","Data","Implemented","يجب أن يحفظ AssignmentEvent تاريخ الإسناد دون تعديل الأحداث القديمة عند تغير المسؤول.","database/migrations/*; app/Models/*; app/Http/Requests/*","اختبارات الوحدة/التكامل وفحص migration/schema للكيان المرتبط",""
"DR-008","Data","Implemented","يجب أن يكون لكل اجتماع timeline_entry فريد ومحضر فريد.","database/migrations/*; app/Models/*; app/Http/Requests/*","اختبارات الوحدة/التكامل وفحص migration/schema للكيان المرتبط",""
"DR-009","Data","Implemented","يجب أن يكون لكل مشروع requirement_book واحد ولكل كتاب version_number فريد.","database/migrations/*; app/Models/*; app/Http/Requests/*","اختبارات الوحدة/التكامل وفحص migration/schema للكيان المرتبط",""
"DR-010","Data","Implemented","يجب أن تسجل الملفات الحجم والبصمة والحالة والرافع والوقت، وتخفي موقع التخزين.","app/Models/FileObject.php; app/Models/AttachmentLink.php; app/Services/FileService.php","اختبارات الوحدة/التكامل وفحص migration/schema للكيان المرتبط",""
"DR-011","Data","Implemented","يجب أن تحسب SHA-256 من bytes الفعلية قبل اعتبار الملف/النسخة صالحاً.","app/Models/FileObject.php; app/Models/AttachmentLink.php; app/Services/FileService.php","اختبارات الوحدة/التكامل وفحص migration/schema للكيان المرتبط",""
"DR-012","Data","Implemented","يجب أن تكون روابط الملفات المؤرشفة مراجع احتفاظ دائمة لا تجعل الملف يتيماً.","app/Models/FileObject.php; app/Models/AttachmentLink.php; app/Services/FileService.php","اختبارات الوحدة/التكامل وفحص migration/schema للكيان المرتبط",""
"DR-013","Data","Implemented","يجب أن تستخدم الكميات ثلاث منازل والأسعار/النسب منزلتين بحسب مخطط القالب، والحساب BCMath لا float.","app/Models/SalesDocument.php; app/Models/SalesLineItem.php; app/Services/Sales/*","اختبارات الوحدة/التكامل وفحص migration/schema للكيان المرتبط",""
"DR-014","Data","Implemented","يجب أن تكون client/company snapshots JSON تاريخية منفصلة عن البيانات الحية.","app/Models/SalesDocument.php; app/Models/SalesLineItem.php; app/Services/Sales/*","اختبارات الوحدة/التكامل وفحص migration/schema للكيان المرتبط",""
"DR-015","Data","Implemented","يجب ألا تخزن قوالب الفواتير أي payment balance أو collection state في الواجهة الحالية.","app/Models/SalesDocument.php; app/Models/SalesLineItem.php; app/Services/Sales/*","اختبارات الوحدة/التكامل وفحص migration/schema للكيان المرتبط",""
"DR-016","Data","Implemented","يجب أن تسجل DataJob حالة واضحة وأخطاء قابلة للتتبع إلى sheet/row/field.","app/Models/DataJob.php; app/Models/ImportError.php; app/Services/DataCenter/*","اختبارات الوحدة/التكامل وفحص migration/schema للكيان المرتبط",""
"DR-017","Data","Implemented","يجب أن يحفظ SystemSetting القيمة JSON بما في ذلك null صريحاً، ولا يقبل مفاتيح غير معروفة.","app/Models/SystemSetting.php; app/Services/SystemSettingService.php","اختبارات الوحدة/التكامل وفحص migration/schema للكيان المرتبط",""
"DR-018","Data","Implemented","يجب أن تحتوي ActivityLog على request/correlation context عند توفر الطلب ولا تتضمن credentials أو محتوى الملف.","app/Models/ActivityLog.php; app/Services/ActivityLogger.php","اختبارات الوحدة/التكامل وفحص migration/schema للكيان المرتبط",""
"DR-019","Data","Implemented","يجب أن تعتمد مؤشرات اللوحة على استعلامات البيانات الحالية لا على قيم cache كمصدر حقيقة.","app/Services/DashboardService.php; app/Services/ProjectMetrics.php","اختبارات الوحدة/التكامل وفحص migration/schema للكيان المرتبط",""
"DR-020","Data","Implemented","يجب أن تشمل حزمة الاستعادة مخزون الملفات والبصمات ومؤشر اكتمال يطابق لقطة SQLite.","app/Services/Backup/*; app/Models/Backup*","اختبارات الوحدة/التكامل وفحص migration/schema للكيان المرتبط",""
"DR-021","Data","Implemented","يجب أن تحفظ الحزمة key ID غير سري ولا تحفظ مفتاح التشفير نفسه.","app/Services/Backup/*; app/Models/Backup*","اختبارات الوحدة/التكامل وفحص migration/schema للكيان المرتبط",""
"DR-022","Data","Implemented","يجب أن يكون restore nonce أحادي الاستخدام ومحدود العمر ومقيداً بالمستخدم والملف والبصمة.","app/Services/Backup/*; app/Models/Backup*","اختبارات الوحدة/التكامل وفحص migration/schema للكيان المرتبط",""
"DR-023","Data","Implemented","يجب أن تمسح الاستعادة الناجحة sessions وpassword reset tokens وتدور remember tokens.","app/Services/Backup/*; app/Models/Backup*","اختبارات الوحدة/التكامل وفحص migration/schema للكيان المرتبط",""
"DR-024","Data","Partial","يجب أن يكون إعداد تقويم/توقيت واحد مصدر الحقيقة لكل الحسابات؛ توجد حالياً قيم مخزنة وقيم config ثابتة غير موحدة بالكامل.","app/Services/SystemSettingService.php; app/Services/WeeklyScheduleBuilder.php; config/project-desk.php","اختبارات الوحدة/التكامل وفحص migration/schema للكيان المرتبط",""
"FR-AUD-001","Functional","Implemented","يجب أن يسجل النظام actor/action/subject/before/after/project/request/correlation/IP/user-agent/time للعمليات المدعومة.","`ActivityLogger.php`, `activity_logs`","`ActivityLogContextTest.php`, `SecurityActivityAuditTest.php`","AC-NFR-004; اختبارات ActivityLog"
"FR-AUD-002","Functional","Implemented","يجب أن يكتب سجل النشاط داخل معاملة المجال بحيث يلغى مع rollback ولا يظهر قبل commit.","Services + `ActivityLogger.php`","اختبارات المجال والتدقيق","AC-NFR-004; اختبارات ActivityLog"
"FR-AUD-003","Functional","Implemented","يجب ألا يوفر التطبيق endpoint لتعديل أو حذف سجل النشاط.","routes/models","`SecurityActivityAuditTest.php`","AC-NFR-004; اختبارات ActivityLog"
"FR-AUD-004","Functional","Implemented","يجب أن يعرض تبويب نشاط المشروع السجلات المرتبطة بالمشروع فقط بترتيب الأحدث وترقيم 25.","`ProjectController@show`","`ProjectWorkflowTest.php`, `governance-smoke.mjs`","AC-NFR-004; اختبارات ActivityLog"
"FR-AUD-005","Functional","Implemented","يجب أن يولد middleware معرفي request/correlation آمنين ويردهما في الاستجابة.","`RequestContext.php`","`ActivityLogContextTest.php`","AC-NFR-004; اختبارات ActivityLog"
"FR-AUTH-001","Functional","Implemented","يجب أن يسمح النظام بتسجيل الدخول بالبريد وكلمة المرور للحساب النشط غير المؤرشف فقط.","`FortifyServiceProvider.php`","`AuthenticationTest.php`, `DisabledAccountTest.php`","AC-AUTH-001…005"
"FR-AUTH-002","Functional","Implemented","يجب أن يطبق النظام حداً قدره خمس محاولات دخول في الدقيقة لكل بريد/IP.","`FortifyServiceProvider.php`","`AuthenticationTest.php`, `SecurityActivityAuditTest.php`","AC-AUTH-001…005"
"FR-AUTH-003","Functional","Implemented","يجب أن ينشئ تسجيل الدخول الناجح جلسة ويوجه المستخدم إلى `/dashboard`.","`config/fortify.php`","`AuthenticationTest.php`","AC-AUTH-001…005"
"FR-AUTH-004","Functional","Implemented","يجب أن يسجل الخروج ويلغي الجلسة الحالية.","Fortify / `SecurityActivitySubscriber.php`","`AuthenticationTest.php`","AC-AUTH-001…005"
"FR-AUTH-005","Functional","Implemented","يجب أن يرفض middleware أي حساب صار غير نشط أو مؤرشف، ويسجل خروجه ويلغي جلسته.","`EnsureActiveUser.php`","`DisabledAccountTest.php`","AC-AUTH-001…005"
"FR-AUTH-006","Functional","Implemented","يجب أن يدعم النظام طلب رابط إعادة كلمة المرور وإعادة تعيينها عبر البريد المهيأ.","`config/fortify.php`, `ResetUserPassword.php`","`PasswordResetTest.php`","AC-AUTH-001…005"
"FR-AUTH-007","Functional","Implemented","يجب أن يتطلب النظام تحقق البريد قبل صفحات المجال الموسومة `verified`.","`routes/web.php`","`EmailVerificationTest.php`, `VerificationNotificationTest.php`","AC-AUTH-001…005"
"FR-AUTH-008","Functional","Implemented","يجب ألا يتيح النظام التسجيل الذاتي العام.","`config/fortify.php`","`RegistrationTest.php`, `InternalAccountsTest.php`","AC-AUTH-001…005"
"FR-AUTH-009","Functional","Implemented","يجب أن يدعم النظام تفعيل وتأكيد وتعطيل المصادقة الثنائية واستعمال رموز الاستعادة.","Fortify، `SecurityController.php`","`TwoFactorChallengeTest.php`, `Settings/SecurityTest.php`","AC-AUTH-001…005"
"FR-AUTH-010","Functional","Implemented","يجب أن يطبق حد خمس محاولات 2FA في الدقيقة للجلسة.","`FortifyServiceProvider.php`","`TwoFactorChallengeTest.php`","AC-AUTH-001…005"
"FR-AUTH-011","Functional","Implemented","يجب أن يدعم النظام تسجيل وإدارة والتحقق من Passkeys بعد تأكيد كلمة المرور.","Fortify Passkeys، `routes/settings.php`","`Settings/SecurityTest.php`","AC-AUTH-001…005"
"FR-AUTH-012","Functional","Implemented","يجب أن يتطلب النظام تأكيد كلمة المرور لتغيير البريد أو لتغييرات الحساب الحساسة.","`RequireSensitiveProfilePassword.php`, `RequireSensitiveTeamPassword.php`","`PasswordConfirmationTest.php`, `Settings/ProfileUpdateTest.php`","AC-AUTH-001…005"
"FR-AUTH-013","Functional","Implemented","يجب أن يبطل النظام الجلسات الأخرى وRemember Token عند تغيير البريد أو كلمة المرور أو الدور.","`UserSessionSecurity.php`, `TeamController.php`","`TeamWorkflowTest.php`, `Settings/SecurityTest.php`","AC-AUTH-001…005"
"FR-AUTH-014","Functional","Implemented","يجب أن يسجل النظام أحداث الدخول والخروج والفشل و2FA وPasskeys دون تخزين كلمات المرور أو الأسرار.","`SecurityActivitySubscriber.php`","`SecurityActivityAuditTest.php`","AC-AUTH-001…005"
"FR-BCK-001","Functional","Implemented","يجب أن يسمح لـAdmin بإنشاء حزمة `.pdesk` كاملة تشمل لقطة SQLite وكل ملف غير backup مشار إليه.","`SqliteBackupService.php`, `ProjectBackupBundleManager.php`","`SqliteBackupControllerTest.php`, `SqliteBackupRestoreIntegrationTest.php`","AC-BCK-001…003; AC-NFR-005"
"FR-BCK-002","Functional","Implemented","يجب أن تستبعد الحزمة ملفات النسخ نفسها لمنع recursion.","`ProjectBackupBundleManager.php`","`SqliteBackupManagerTest.php`","AC-BCK-001…003; AC-NFR-005"
"FR-BCK-003","Functional","Implemented","يجب أن تشفر الحزمة كاملة في chunks مصادق عليها باستخدام AES-256-GCM ومفتاح 32 بايت لا يضمّن في الحزمة.","`ProjectBackupBundleManager.php`","`SqliteBackupManagerTest.php`","AC-BCK-001…003; AC-NFR-005"
"FR-BCK-004","Functional","Implemented","يجب أن يحتوي manifest checksums للقاعدة والملفات ومخزوناً مصادقاً وحدود اكتمال.","`ProjectBackupBundleManager.php`","`SqliteBackupManagerTest.php`","AC-BCK-001…003; AC-NFR-005"
"FR-BCK-005","Functional","Implemented","يجب أن يتحقق النظام من الحزمة عند الإنشاء والرفع والتحقق والاستعادة، ويرفض traversal والتكرار والحجم/العدد الزائد وعدم تطابق المخزون.","خدمات النسخ","اختبارات النسخ والاستعادة","AC-BCK-001…003; AC-NFR-005"
"FR-BCK-006","Functional","Implemented","يجب أن يقبل رفع `.pdesk` وملفات SQLite القديمة المسموحة؛ وأن يحول القديم إلى حزمة مشفرة database-only.","`UploadSqliteBackupRequest.php`, `SqliteBackupService.php`","`SqliteBackupControllerTest.php`","AC-BCK-001…003; AC-NFR-005"
"FR-BCK-007","Functional","Implemented","يجب أن يتطلب التحقق والاستعادة Admin وكلمة مرور حديثة؛ وأن يطبق rate limit للاستعادة.","`routes/web.php`, `FileObjectPolicy.php`","`SqliteBackupControllerTest.php`","AC-BCK-001…003; AC-NFR-005"
"FR-BCK-008","Functional","Implemented","يجب أن يصدر التحقق restore nonce محدود العمر مرتبطاً بالمستخدم والحزمة والبصمة، ويستهلك مرة واحدة عند الاستعادة.","`RestoreNonceManager.php`","`SqliteBackupControllerTest.php`","AC-BCK-001…003; AC-NFR-005"
"FR-BCK-009","Functional","Implemented","يجب أن تتطلب الاستعادة عبارة التأكيد الدقيقة وSHA-256 وrestore nonce.","`RestoreSqliteBackupRequest.php`","`SqliteBackupControllerTest.php`","AC-BCK-001…003; AC-NFR-005"
"FR-BCK-010","Functional","Implemented","يجب أن تنشئ الاستعادة حزمة `pre_restore` آمنة قبل الاستبدال.","`SqliteBackupService.php`","`SqliteBackupRestoreIntegrationTest.php`","AC-BCK-001…003; AC-NFR-005"
"FR-BCK-011","Functional","Implemented","يجب أن تمسك الاستعادة سياج كتابة حصرياً وتدخل وضع الصيانة، وأن ترفض/تؤجل الكتابات الأخرى.","`RestoreWriteFence.php`, `HoldRestoreReadLock.php`","`RestoreWriteFenceTest.php`","AC-BCK-001…003; AC-NFR-005"
"FR-BCK-012","Functional","Implemented","يجب أن تستبدل الاستعادة الملفات وقاعدة SQLite وWAL/SHM ذريعاً قدر الإمكان، وأن ترجع السابق عند فشل أي مرحلة.","`SqliteBackupService.php`","`SqliteBackupRestoreIntegrationTest.php`","AC-BCK-001…003; AC-NFR-005"
"FR-BCK-013","Functional","Implemented","يجب أن تلغي الاستعادة كل الجلسات وreset tokens وRemember Tokens بعد النجاح، وتسجل خروج منفذها.","`UserSessionSecurity.php`, `SqliteBackupController@restore`","`SqliteBackupRestoreIntegrationTest.php`","AC-BCK-001…003; AC-NFR-005"
"FR-BCK-014","Functional","Implemented","يجب أن ينفذ scheduler النسخ التلقائي يومياً أو أسبوعياً حسب الإعداد، دون تكرار الفترة، ويحتفظ بعدد 1–90 من النسخ التلقائية.","`AutomaticBackup.php`","`AutomaticBackupCommandTest.php`","AC-BCK-001…003; AC-NFR-005"
"FR-BCK-015","Functional","Implemented","يجب أن يسمح بتنزيل النسخة الآمنة مع Content-Type خاص وSHA-256 وسياسة no-store.","`SqliteBackupController@download`","`SqliteBackupControllerTest.php`","AC-BCK-001…003; AC-NFR-005"
"FR-CLI-001","Functional","Implemented","يجب أن يعرض النظام قائمة العملاء المرئيين فقط مع بحث وفرز/ترقيم وفصل النشط عن المؤرشف.","`ClientController.php`, `Client::visibleTo`","`ClientContactCrudTest.php`","AC-DIR-001…002"
"FR-CLI-002","Functional","Implemented","يجب أن يسمح لـAdmin وPM بإنشاء عميل ذي كود فريد واسم وحالة وبيانات اتصال اختيارية.","`ClientPolicy.php`, `SaveClientRequest.php`","`ClientContactCrudTest.php`","AC-DIR-001…002"
"FR-CLI-003","Functional","Implemented","يجب أن يسجل النظام منشئ العميل ويستخدمه ضمن نطاق الرؤية والإدارة لغير Admin.","migration `000360`, `Client.php`","`ClientContactCrudTest.php`","AC-DIR-001…002"
"FR-CLI-004","Functional","Implemented","يجب أن يسمح بتعديل العميل للمستخدم الذي تدخله نتيجة `manageableBy` فقط.","`ClientPolicy.php`, `Client::manageableBy`","`ClientContactCrudTest.php`","AC-DIR-001…002"
"FR-CLI-005","Functional","Implemented","يجب أن يدعم أرشفة العميل واستعادته دون حذف مشاريعه أو جهات اتصاله.","`ClientController.php`","`ClientContactCrudTest.php`","AC-DIR-001…002"
"FR-CLI-006","Functional","Implemented","يجب أن يعرض تفاصيل العميل وجهات اتصاله ومشاريعه المصرح بها فقط، دون عرض قوالب فواتير كقسم تابع.","`ClientController@show`","`ClientContactCrudTest.php`, اختبارات نطاق القوالب","AC-DIR-001…002"
"FR-CLI-007","Functional","Implemented","يجب أن يسمح بإضافة جهة اتصال نشطة إلى عميل قابل للإدارة.","`ContactPolicy.php`, `SaveContactRequest.php`","`ClientContactCrudTest.php`","AC-DIR-001…002"
"FR-CLI-008","Functional","Implemented","يجب أن يسمح بجهة أساسية واحدة فعالة لكل عميل، ويلغي صفة الأساسية عن البقية عند تعيين واحدة جديدة.","`ContactController.php`","`ClientContactCrudTest.php`","AC-DIR-001…002"
"FR-CLI-009","Functional","Implemented","يجب أن يمنع تعيين جهة غير نشطة كجهة أساسية.","`SaveContactRequest.php`","`ClientContactCrudTest.php`","AC-DIR-001…002"
"FR-CLI-010","Functional","Implemented","يجب أن تؤرشف جهة الاتصال بتعطيلها وإزالة صفة الأساسية، وأن تسمح باستعادتها.","`ContactController.php`","`ClientContactCrudTest.php`","AC-DIR-001…002"
"FR-DASH-001","Functional","Implemented","يجب أن تعرض اللوحة عدد المشاريع النشطة والمهام المتأخرة والقريبة خلال 7 أيام والمشاريع ذات مخاطرة عالية.","`DashboardController.php`","`DashboardTest.php`, `DashboardDrilldownTest.php`","AC-DASH-001"
"FR-DASH-002","Functional","Implemented","يجب ألا تدخل المشاريع أو المهام غير المرئية أو المؤرشفة في مؤشرات المستخدم.","`Project::visibleTo`, `DashboardController.php`","`DashboardTest.php`","AC-DASH-001"
"FR-DASH-003","Functional","Implemented","يجب أن تعرض حتى 8 مشاريع نشطة مع التقدم والصحة والمرحلة التالية والتواريخ.","`DashboardController.php`, `ProjectMetrics.php`","`ProjectMetricsIntegrationTest.php`","AC-DASH-001"
"FR-DASH-004","Functional","Implemented","يجب أن تعرض حتى 8 مهام اهتمام مرتبة بالموعد مع رابط تعديل إن كان المستخدم مديراً، أو رابط قائمة آمن خلاف ذلك.","`DashboardController.php`","`DashboardDrilldownTest.php`","AC-DASH-001"
"FR-DASH-005","Functional","Implemented","يجب أن تعرض المخاطر المفتوحة ذات الدرجة 16 فأكثر والمشكلات high/critical المفتوحة أو قيد التنفيذ.","`DashboardController.php`","`DashboardTest.php`","AC-DASH-001"
"FR-DASH-006","Functional","Implemented","يجب أن تعرض حمل الفريق بعدد المهام المفتوحة والمتأخرة لكل مسؤول وبند «غير مسند».","`DashboardController.php`","`DashboardDrilldownTest.php`","AC-DASH-001"
"FR-DASH-007","Functional","Implemented","يجب أن تعرض توزيع حالات المهام من حالات workflow الفعلية وتتيح drill-down مفلتر.","`DashboardController.php`","`DashboardDrilldownTest.php`","AC-DASH-001"
"FR-DASH-008","Functional","Implemented","يجب أن تعرض توزيع صحة المشاريع danger/attention/healthy من معادلة `ProjectMetrics` نفسها وتتيح drill-down مطابقاً.","`ProjectMetrics.php`, `DashboardController.php`","`ProjectMetricsIntegrationTest.php`, `DashboardDrilldownTest.php`","AC-DASH-001"
"FR-DASH-009","Functional","Implemented","يجب ألا يعرض النظام trend تاريخياً إذا لم توجد بيانات أحداث تاريخية تدعمه.","`DashboardController.php`, `dashboard.tsx`","مراجعة/`DashboardTest.php`","AC-DASH-001"
"FR-DAT-001","Functional","Implemented","يجب أن يحصر النظام مركز البيانات وDataJobs والاستيراد والنسخ في Admin.","`DataJobPolicy.php`","`DataCenterCsvTest.php`, `DataCenterXlsxTest.php`","AC-IMP-001…004; AC-EXP-001"
"FR-DAT-002","Functional","Implemented","يجب أن يوفر قوالب CSV وXLSX وتصدير العملاء والمشاريع والمهام.","`CsvController.php`, `XlsxController.php`","`DataCenterCsvTest.php`, `DataCenterXlsxTest.php`","AC-IMP-001…004; AC-EXP-001"
"FR-DAT-003","Functional","Implemented","يجب أن يوفر تصدير XLSX مفلتر للمستخدم المصرح خارج مركز Admin، ضمن نطاق القائمة وصلاحيتها.","`ScopedXlsxExportController.php`, `XlsxExportService.php`","`DataCenterXlsxTest.php`","AC-IMP-001…004; AC-EXP-001"
"FR-DAT-004","Functional","Implemented","يجب أن يمنع التصدير spreadsheet formula injection في القيم النصية.","خدمات التصدير","`DataCenterCsvTest.php`, `DataCenterXlsxTest.php`","AC-IMP-001…004; AC-EXP-001"
"FR-DAT-005","Functional","Implemented","يجب أن يقبل import preview للعملاء والمهام فقط بصيغة CSV أو XLSX ضمن الحجم المحدد.","طلبا preview","`DataCenterCsvTest.php`, `DataCenterXlsxTest.php`","AC-IMP-001…004; AC-EXP-001"
"FR-DAT-006","Functional","Implemented","يجب أن يتحقق CSV من header ثابت ومكرر/ناقص/زائد وعدد الخلايا والترميز والصفوف الفارغة وحد الصفوف.","`CsvDataService.php`","`DataCenterCsvTest.php`","AC-IMP-001…004; AC-EXP-001"
"FR-DAT-007","Functional","Implemented","يجب أن يدعم CSV ترميز UTF-8 والتحويل من Windows-1256/1252 وISO-8859-1 عند اكتشافه بثقة.","`CsvDataService.php`","`DataCenterCsvTest.php`","AC-IMP-001…004; AC-EXP-001"
"FR-DAT-008","Functional","Implemented","يجب أن يرفض قيم الإدخال التي تبدأ بعلامات formula الخطرة، مع استثناء رقم هاتف موجب صالح.","`CsvDataService.php`","`DataCenterCsvTest.php`","AC-IMP-001…004; AC-EXP-001"
"FR-DAT-009","Functional","Implemented","يجب أن يتحقق XLSX من template version والورقة والعناوين، وأن يرفض formulas وmacros والعلاقات الخارجية وحزم ZIP الخطرة.","`XlsxDataService.php`","`DataCenterXlsxTest.php`","AC-IMP-001…004; AC-EXP-001"
"FR-DAT-010","Functional","Implemented","يجب أن ينشئ preview سجل `DataJob` و`FileObject` وملخصاً وأخطاء sheet/row/field/code/message دون كتابة بيانات المجال.","`CsvImportService.php`","`DataCenterCsvTest.php`, `DataCenterXlsxTest.php`","AC-IMP-001…004; AC-EXP-001"
"FR-DAT-011","Functional","Implemented","يجب ألا يسمح commit إلا لـDataJob import بحالة validated وبـSHA-256 مطابق للملف المعاين.","`CommitCsvImportRequest.php`, `CsvImportService.php`","`DataCenterCsvTest.php`","AC-IMP-001…004; AC-EXP-001"
"FR-DAT-012","Functional","Implemented","يجب أن ينفذ commit الاستيراد ذريعاً؛ عند أي فشل لا تحفظ صفوف جزئية.","`CsvImportService@commit`","`DataCenterCsvTest.php`","AC-IMP-001…004; AC-EXP-001"
"FR-DAT-013","Functional","Implemented","يجب أن يحفظ النظام حالة الوظيفة والملخص ووقت البدء والانتهاء ورسالة الفشل وأخطاء الصفوف.","`DataJob.php`, `CsvImportService.php`","اختبارات مركز البيانات","AC-IMP-001…004; AC-EXP-001"
"FR-DAT-014","Functional","Implemented","يجب أن يسمح بعرض قائمة الوظائف وتفاصيلها وأخطائها وملفها لـAdmin فقط.","`DataJobController.php`","اختبارات مركز البيانات","AC-IMP-001…004; AC-EXP-001"
"FR-FIL-001","Functional","Implemented","يجب أن يسمح برفع ملف إلى المشروع أو مهمة نشطة فيه أو متطلب نشط فيه فقط.","`StoreProjectFileRequest.php`, `ProjectFileService.php`","`ProjectFileTargetLinkTest.php`","AC-FIL-001…004"
"FR-FIL-002","Functional","Implemented","يجب أن يسمح بالرفع لـAdmin أو مدير المشروع أو عضو نشط بدور manager/member، وأن يمنع المستخدم ذي الدور العام Viewer صراحة حتى لو حمل دور مشروع آخر.","`ProjectPolicy@uploadFile`","`ProjectFileSecurityTest.php`","AC-FIL-001…004"
"FR-FIL-003","Functional","Implemented","يجب أن يتحقق النظام من الحجم والامتداد وMIME ومحتوى PDF/OpenXML/CSV/الصورة قبل التخزين.","`ProjectFileService::inspect`","`ProjectFileSecurityTest.php`","AC-FIL-001…004"
"FR-FIL-004","Functional","Implemented","يجب أن يرفض PDF ذا JavaScript/Launch/EmbeddedFile وOffice ذا macro أو حزمة ناقصة.","`ProjectFileService::validateContent`","`ProjectFileSecurityTest.php`","AC-FIL-001…004"
"FR-FIL-005","Functional","Implemented","يجب أن يخزن الملف باسم آمن ومفتاح عشوائي خاص مع الحجم وSHA-256 والرافع والوقت.","`ProjectFileService.php`, `FileObject.php`","`ProjectFileSecurityTest.php`","AC-FIL-001…004"
"FR-FIL-006","Functional","Implemented","يجب أن يطبق النظام حصة حجم للمشروع وللمستخدم/المشروع وحداً لعدد الملفات مع قفل يمنع السباق.","`ProjectFileService::assertQuota`","`ProjectFileSecurityTest.php`","AC-FIL-001…004"
"FR-FIL-007","Functional","Implemented","يجب أن يطبق النظام rate limit افتراضياً 20 طلب رفع/دقيقة لكل مستخدم/مشروع.","`AppServiceProvider.php`, `routes/web.php`","`ProjectFileSecurityTest.php`","AC-FIL-001…004"
"FR-FIL-008","Functional","Implemented","يجب أن يفحص النظام الملف عبر `MalwareScanner` المهيأ؛ clean→safe، infected→quarantined، failure→structurally_safe.","`ProjectFileScanner.php`","`CommandMalwareScannerTest.php`, `ProjectFileSecurityTest.php`","AC-FIL-001…004"
"FR-FIL-009","Functional","Implemented","يجب أن يغلق الإنتاج الرفع إذا لم يهيأ ماسح فعلي.","`ProjectFileScanner::ensureUploadAvailable`","`ProjectFileSecurityTest.php`","AC-FIL-001…004"
"FR-FIL-010","Functional","Implemented","يجب ألا يتيح تنزيل الملف إلا إذا كان `safe` وله رابط نشط والمستخدم يملك عرض مشروع مرتبط.","`FileObjectPolicy.php`, `ProjectFileService@download`","`ProjectFileSecurityTest.php`","AC-FIL-001…004"
"FR-FIL-011","Functional","Implemented","يجب أن يعرض النظام metadata دون كشف `disk` أو `storage_key`.","`FileObject::$hidden`, `ProjectFileService::metadata`","`ProjectFileSecurityTest.php`","AC-FIL-001…004"
"FR-FIL-012","Functional","Implemented","يجب أن تؤرشف/تستعيد العملية رابط المرفق المستهدف دون حذف blob أو بقية الروابط.","`ProjectFileController.php`, `ProjectFileService.php`","`ProjectFileTargetLinkTest.php`","AC-FIL-001…004"
"FR-FIL-013","Functional","Implemented","يجب أن يسجل النظام محاولات الرفض والرفع والفحص والتنزيل والأرشفة والاستعادة في سجل النشاط.","`ProjectFileService.php`, `ProjectFileScanner.php`","`SecurityActivityAuditTest.php`, اختبارات الملفات","AC-FIL-001…004"
"FR-FIL-014","Functional","Implemented","يجب أن يحذف أمر الاحتفاظ الملفات اليتيمة فقط بعد المهلة وإعادة فحص كل مرجع، مع حجر قابل للتراجع وسجل نشاط.","`OrphanedFileGarbageCollector.php`","`OrphanedFileRetentionTest.php`","AC-FIL-001…004"
"FR-GOV-001","Functional","Implemented","يجب أن يعرض النظام مخاطر المشروع النشطة أو المؤرشفة مرتبة تنازلياً حسب الاحتمالية × الأثر.","`RiskController@index`","`GovernanceResourcesTest.php`","AC-GOV-001…002"
"FR-GOV-002","Functional","Implemented","يجب أن يسمح بإنشاء مخاطرة بعنوان واحتمالية وأثر من 1 إلى 5 وحالة ومالك ومعالجة وموعد.","`SaveRiskRequest.php`","`GovernanceResourcesTest.php`","AC-GOV-001…002"
"FR-GOV-003","Functional","Implemented","يجب أن يحصر حالات المخاطرة في open/monitoring/mitigated/accepted/closed.","`SaveRiskRequest.php`","`GovernanceResourcesTest.php`","AC-GOV-001…002"
"FR-GOV-004","Functional","Implemented","يجب أن يكون مالك المخاطرة عضواً نشطاً في المشروع.","`SaveRiskRequest@after`","`GovernanceResourcesTest.php`","AC-GOV-001…002"
"FR-GOV-005","Functional","Implemented","يجب أن يدعم تعديل وأرشفة واستعادة المخاطرة مع `lock_version` وسجل نشاط.","`RiskController.php`","`GovernanceResourcesTest.php`","AC-GOV-001…002"
"FR-GOV-006","Functional","Implemented","يجب أن يعرض النظام مشكلات المشروع النشطة أو المؤرشفة مرتبة critical ثم high ثم medium ثم low.","`IssueController@index`","`GovernanceResourcesTest.php`","AC-GOV-001…002"
"FR-GOV-007","Functional","Implemented","يجب أن يسمح بإنشاء مشكلة بعنوان وشدة وحالة ومالك وموعد ووصف وحل.","`SaveIssueRequest.php`","`GovernanceResourcesTest.php`","AC-GOV-001…002"
"FR-GOV-008","Functional","Implemented","يجب أن يحصر حالات المشكلة في open/in_progress/resolved/closed وشدتها في low/medium/high/critical.","`SaveIssueRequest.php`","`GovernanceResourcesTest.php`","AC-GOV-001…002"
"FR-GOV-009","Functional","Implemented","يجب أن يطلب حلاً غير فارغ قبل جعل المشكلة resolved أو closed.","`SaveIssueRequest@after`","`GovernanceResourcesTest.php`","AC-GOV-001…002"
"FR-GOV-010","Functional","Implemented","يجب أن يدعم تعديل وأرشفة واستعادة المشكلة مع `lock_version` وسجل نشاط.","`IssueController.php`","`GovernanceResourcesTest.php`","AC-GOV-001…002"
"FR-INV-001","Functional","Implemented","يجب أن يحصر النظام الواجهة والمسارات في قوالب من النوع `invoice` فقط.","`SalesDocument.php`, `SaveSalesDocumentRequest.php`","`SalesDocumentWorkflowTest.php`, `SalesDocumentAuthorizationTest.php`","AC-INV-001…005"
"FR-INV-002","Functional","Implemented","يجب أن يسمح لـAdmin بعرض كل القوالب ولـPM بعرض القوالب التي أنشأها فقط، ويمنع Member/Viewer.","`SalesDocumentPolicy.php`, `SalesDocument::visibleTo`","`SalesDocumentAuthorizationTest.php`","AC-INV-001…005"
"FR-INV-003","Functional","Implemented","يجب أن يعرض القوالب النشطة أو المؤرشفة مع بحث بالرقم/العنوان/المرجع/العميل/المشروع وفلتر المشروع وترقيم 20.","`SalesController@index`","`SalesDocumentWorkflowTest.php`, `sales-smoke.mjs`","AC-INV-001…005"
"FR-INV-004","Functional","Implemented","يجب أن يسمح بإنشاء قالب مستقل دون عميل أو مشروع أو تاريخ إصدار.","migration `000440`, `SaveSalesDocumentRequest.php`","`SalesDocumentWorkflowTest.php`","AC-INV-001…005"
"FR-INV-005","Functional","Implemented","يجب أن يحفظ عنواناً وبنداً واحداً على الأقل وعملة من LYD/USD/EUR وخصماً وضريبة من 0–100 وملاحظات ومرجعاً.","`SaveSalesDocumentRequest.php`","`SalesDocumentWorkflowTest.php`, `SalesCalculatorTest.php`","AC-INV-001…005"
"FR-INV-006","Functional","Implemented","يجب أن تكون الكمية أكبر من صفر وسعر الوحدة غير سالب، مع حدود decimal المحددة.","`SaveSalesDocumentRequest.php`","`SalesCalculatorTest.php`, `SalesDocumentWorkflowTest.php`","AC-INV-001…005"
"FR-INV-007","Functional","Implemented","يجب أن يحسب النظام subtotal ثم الخصم ثم tax base ثم الضريبة ثم total باستخدام BCMath ودقة نقدية منزلتين.","`SalesCalculator.php`","`SalesCalculatorTest.php`","AC-INV-001…005"
"FR-INV-008","Functional","Implemented","يجب أن يتعامل النظام مع العميل والمشروع والتواريخ كسياق معاينة اختياري، وأن يرفض مشروعاً لا يتبع العميل المختار أو غير مرئي للمستخدم.","`SaveSalesDocumentRequest@after`","`SalesDocumentAuthorizationTest.php`, `SalesDocumentWorkflowTest.php`","AC-INV-001…005"
"FR-INV-009","Functional","Implemented","يجب أن يولد النظام رقماً فريداً ذريعاً بصيغة prefix-year-sequence وفق إعداد invoice prefix والحشو.","`SalesDocumentNumberGenerator.php`","`SalesDocumentWorkflowTest.php`","AC-INV-001…005"
"FR-INV-010","Functional","Implemented","يجب أن يلتقط النظام snapshot للعميل والشركة وقت الإنشاء، ويحدث snapshot العميل عند تغييره دون إعادة كتابة التاريخ السابق عشوائياً.","`SalesDocumentService.php`","`SalesDocumentWorkflowTest.php`","AC-INV-001…005"
"FR-INV-011","Functional","Implemented","يجب أن يدعم تعديل المسودة، وأرشفة draft، واستعادة archived إلى draft، مع `lock_version` ومنع التعارض.","`SalesDocumentService.php`, `SalesDocumentLifecycle.php`","`SalesDocumentWorkflowTest.php`","AC-INV-001…005"
"FR-INV-012","Functional","Implemented","يجب أن ينشئ النسخ قالباً مستقلاً برقم جديد وبنود منسوخة، دون علاقة دفع أو `source_document_id`.","`SalesDocumentService@duplicate`","`SalesDocumentWorkflowTest.php`, `sales-smoke.mjs`","AC-INV-001…005"
"FR-INV-013","Functional","Implemented","يجب أن يولد PDF A4 مصرحاً بعلامة DRAFT/ARCHIVED ونص «نموذج/معاينة» ودون إثبات دفع.","`PdfExportService.php`, `pdf/sales-document.blade.php`","`PdfExportAuthorizationTest.php`, `sales-smoke.mjs`","AC-INV-001…005"
"FR-INV-014","Functional","Implemented","يجب أن تحذر واجهة محرر القالب قبل فقد المسودة وأن تعيد التركيز بعد الإغلاق.","`sales/index.tsx`","`ui-task-regressions.mjs`, `sales-smoke.mjs`","AC-INV-001…005"
"FR-INV-015","Functional","Implemented","يجب أن تعيد مسارات الربط القديمة للعروض والإيصالات والخطابات والفواتير ذات الحالة المحاسبية 404، مع إبقاء بياناتها التاريخية دون عرض.","`SalesDocument::resolveRouteBindingQuery`","`SalesDocumentAuthorizationTest.php`","AC-INV-001…005"
"FR-NTF-001","Functional","Implemented","يجب أن ينشئ scheduler تنبيهات قاعدة بيانات للمهام المتأخرة/القريبة والاجتماعات القادمة وفق الرؤية.","`NotificationCenterService.php`, `SyncNotifications.php`","`NotificationCenterTest.php`","AC-NTF-001…002"
"FR-NTF-002","Functional","Implemented","يجب أن تستخدم التنبيهات معرفاً مستقراً لكل مستخدم ومصدر لمنع التكرار.","`NotificationCenterService::stableId`","`NotificationCenterTest.php`","AC-NTF-001…002"
"FR-NTF-003","Functional","Implemented","يجب أن تحدث المزامنة التنبيه إذا تغير fingerprint، وأن تلغي التنبيه الذي لم يعد صالحاً أو مرئياً.","`NotificationCenterService::syncUser`","`NotificationCenterTest.php`","AC-NTF-001…002"
"FR-NTF-004","Functional","Implemented","يجب أن تسمح سياسة Admin بتفعيل فئات overdue/upcoming/meetings وتحديد lead window بين 1 و168 ساعة.","`UpdateSystemSettingsRequest.php`","`SystemSettingsTest.php`","AC-NTF-001…002"
"FR-NTF-005","Functional","Implemented","يجب أن تسمح التفضيلات الشخصية بتعطيل الفئات أو تقليل lead window، وألا تتجاوز سياسة النظام أو تفعل فئة معطلة.","`NotificationPreferencesRequest.php`, `NotificationCenterService.php`","`NotificationPreferencesTest.php`","AC-NTF-001…002"
"FR-NTF-006","Functional","Implemented","يجب أن يتحقق فتح التنبيه من السجل الحالي والصلاحية والسياسة، لا من URL مخزن.","`OpenNotificationController.php`, `NotificationCenterService::destination`","`NotificationCenterTest.php`","AC-NTF-001…002"
"FR-NTF-007","Functional","Implemented","يجب أن يعلم النظام التنبيه مقروءاً عند فتحه بنجاح، وأن يحذفه إذا صار قديماً أو غير مصرح.","`OpenNotificationController.php`","`NotificationCenterTest.php`, `notifications-smoke.mjs`","AC-NTF-001…002"
"FR-NTF-008","Functional","Implemented","يجب أن تتجاوز مزامنة التنبيهات دورتها بأمان إذا كانت استعادة النظام تمسك سياج الكتابة.","`SyncNotifications.php`, `RestoreWriteFence.php`","`RestoreWriteFenceTest.php`","AC-NTF-001…002"
"FR-PLN-001","Functional","Implemented","يجب أن يعرض النظام أسبوعاً محلياً من الأحد إلى السبت عند فتح لوحة المتابعة.","`WeeklyScheduleBuilder.php`","`WeeklyScheduleBuilderTest.php`","AC-SCH-001…003; AC-MTG-001…002; AC-MTGMIN-001…002"
"FR-PLN-002","Functional","Implemented","يجب أن يسمح باختيار تاريخ أسبوع والتحرك إلى السابق أو التالي.","`DashboardController.php`, `dashboard.tsx`","`WeeklyScheduleBuilderTest.php`, `smoke.mjs`","AC-SCH-001…003; AC-MTG-001…002; AC-MTGMIN-001…002"
"FR-PLN-003","Functional","Implemented","يجب أن يكون لكل مشروع مرئي نشط صف مستقل ولو لم توجد عناصر في الأسبوع.","`WeeklyScheduleBuilder.php`","`WeeklyScheduleBuilderTest.php`","AC-SCH-001…003; AC-MTG-001…002; AC-MTGMIN-001…002"
"FR-PLN-004","Functional","Implemented","يجب أن يمتد شريط المهمة من يوم البداية المحلي إلى يوم النهاية المحلي مع قصه عند حدود الأسبوع.","`WeeklyScheduleBuilder::placement`","`WeeklyScheduleBuilderTest.php`","AC-SCH-001…003; AC-MTG-001…002; AC-MTGMIN-001…002"
"FR-PLN-005","Functional","Implemented","يجب أن يبين الشريط استمرار العنصر قبل الأسبوع أو بعده، واليوم الحالي، وعطلة الجمعة/السبت.","`WeeklyScheduleBuilder.php`","`WeeklyScheduleBuilderTest.php`","AC-SCH-001…003; AC-MTG-001…002; AC-MTGMIN-001…002"
"FR-PLN-006","Functional","Implemented","يجب أن يوزع النظام الأشرطة المتداخلة على lanes، ويعرض حتى 3 lanes و50 شريطاً لكل مشروع مع عدد المخفي.","`WeeklyScheduleBuilder.php`","`WeeklyScheduleBuilderTest.php`, `PerformanceVolumeTest.php`","AC-SCH-001…003; AC-MTG-001…002; AC-MTGMIN-001…002"
"FR-PLN-007","Functional","Implemented","يجب أن تظهر الاجتماعات في الجدول الأسبوعي من `timeline_entries` ذات النوع `meeting` دون إنشاء نسخة ثانية.","`WeeklyScheduleBuilder.php`, `MeetingService.php`","`TimelineMeetingWorkflowTest.php`","AC-SCH-001…003; AC-MTG-001…002; AC-MTGMIN-001…002"
"FR-PLN-008","Functional","Implemented","يجب أن يسمح مدير المشروع بإنشاء بند زمني من milestone/delivery/review/deadline/phase/event.","`SaveTimelineEntryRequest.php`","`TimelineMeetingWorkflowTest.php`","AC-SCH-001…003; AC-MTG-001…002; AC-MTGMIN-001…002"
"FR-PLN-009","Functional","Implemented","يجب أن يحفظ البند عنواناً وبداية ونهاية اختيارية وحالة ومالكاً وملاحظة وmetadata.","`SaveTimelineEntryRequest.php`","`TimelineMeetingWorkflowTest.php`","AC-SCH-001…003; AC-MTG-001…002; AC-MTGMIN-001…002"
"FR-PLN-010","Functional","Implemented","يجب أن يدعم تعديل وأرشفة واستعادة البند غير الاجتماع مع `lock_version`.","`TimelineEntryPolicy.php`, `TimelineEntryController.php`","`TimelineMeetingWorkflowTest.php`","AC-SCH-001…003; AC-MTG-001…002; AC-MTGMIN-001…002"
"FR-PLN-011","Functional","Implemented","يجب أن ينشئ الاجتماع بنداً زمنياً موحداً من نوع `meeting` مع عنوان وبداية ونهاية صحيحتين.","`MeetingService@create`","`TimelineMeetingWorkflowTest.php`","AC-SCH-001…003; AC-MTG-001…002; AC-MTGMIN-001…002"
"FR-PLN-012","Functional","Implemented","يجب أن يحفظ الاجتماع منظماً ومكاناً ورابط HTTP/HTTPS وأجندة وملاحظة وحضوراً.","`SaveMeetingRequest.php`","`TimelineMeetingWorkflowTest.php`","AC-SCH-001…003; AC-MTG-001…002; AC-MTGMIN-001…002"
"FR-PLN-013","Functional","Implemented","يجب أن يكون المنظم وكل حاضر عضواً نشطاً في المشروع، وتكون حالة الحضور ضمن القيم الست المعتمدة.","`SaveMeetingRequest@after`","`TimelineMeetingWorkflowTest.php`","AC-SCH-001…003; AC-MTG-001…002; AC-MTGMIN-001…002"
"FR-PLN-014","Functional","Implemented","يجب أن يحدث تعديل الاجتماع سجلي meeting وtimeline والحضور ذريعاً وبنسخة قفل واحدة متسقة.","`MeetingService@update`","`TimelineMeetingWorkflowTest.php`","AC-SCH-001…003; AC-MTG-001…002; AC-MTGMIN-001…002"
"FR-PLN-015","Functional","Implemented","يجب أن يدعم أرشفة الاجتماع وبنده ومحضره/روابطه واستعادتها معاً دون حذفها.","`MeetingService.php`","`TimelineMeetingWorkflowTest.php`","AC-SCH-001…003; AC-MTG-001…002; AC-MTGMIN-001…002"
"FR-PLN-016","Functional","Implemented","يجب أن يسمح بمحضر واحد لكل اجتماع، بملخص إلزامي وقرارات وإجراءات وملف اختياري ومسجل ووقت تسجيل.","`SaveMeetingMinutesRequest.php`, `MeetingService@upsertMinutes`","`TimelineMeetingWorkflowTest.php`","AC-SCH-001…003; AC-MTG-001…002; AC-MTGMIN-001…002"
"FR-PLN-017","Functional","Implemented","يجب أن يمنع إرفاق ملف جديد و`file_object_id` معاً، وأن يرفض ملفاً غير آمن أو غير مملوك/مرتبط بالسياق.","`SaveMeetingMinutesRequest.php`","`TimelineMeetingWorkflowTest.php`, `ProjectFileSecurityTest.php`","AC-SCH-001…003; AC-MTG-001…002; AC-MTGMIN-001…002"
"FR-PLN-018","Functional","Implemented","يجب أن يمنع تعارض تعديل المحضر باستخدام `lock_version`.","`MeetingService@upsertMinutes`","`TimelineMeetingWorkflowTest.php`","AC-SCH-001…003; AC-MTG-001…002; AC-MTGMIN-001…002"
"FR-PRJ-001","Functional","Implemented","يجب أن يعرض النظام للمستخدم المشاريع التي يديرها أو ينتمي إليها بعضوية نشطة؛ ويرى Admin الجميع.","`Project::visibleTo`, `ProjectPolicy.php`","`ProjectWorkflowTest.php`","AC-PRJ-001…004; AC-VIEW-001"
"FR-PRJ-002","Functional","Implemented","يجب أن تدعم قائمة المشاريع البحث وفلاتر الحالة والأولوية والعميل والنشاط والمخاطرة والصحة والأرشيف.","`ProjectController@index`","`ProjectWorkflowTest.php`, `DashboardDrilldownTest.php`","AC-PRJ-001…004; AC-VIEW-001"
"FR-PRJ-003","Functional","Implemented","يجب أن تدعم القائمة الفرز حسب النهاية والبداية والاسم والأولوية والإنشاء وترقيم 20 سجلاً.","`ProjectController@index`","`ProjectWorkflowTest.php`","AC-PRJ-001…004; AC-VIEW-001"
"FR-PRJ-004","Functional","Implemented","يجب أن يسمح النظام لـAdmin وPM بإنشاء مشروع دون اشتراط وجود مهام.","`ProjectPolicy@create`, `ProjectController@store`","`ProjectWorkflowTest.php`, `critical-journey.mjs`","AC-PRJ-001…004; AC-VIEW-001"
"FR-PRJ-005","Functional","Implemented","يجب أن يحفظ المشروع كوداً فريداً واسماً ووصفاً وعميلًا/جهة أساسية/مديراً اختياريين وحالة وأولوية وتواريخ.","`StoreProjectRequest.php`","`ProjectWorkflowTest.php`","AC-PRJ-001…004; AC-VIEW-001"
"FR-PRJ-006","Functional","Implemented","يجب أن يمنع تاريخ نهاية المشروع السابق لتاريخ بدايته.","`StoreProjectRequest.php`, `UpdateProjectRequest.php`","`ProjectWorkflowTest.php`","AC-PRJ-001…004; AC-VIEW-001"
"FR-PRJ-007","Functional","Implemented","يجب أن يمنع ربط جهة أساسية لا تتبع العميل المختار أو كانت غير نشطة.","طلبا المشروع","`ProjectWorkflowTest.php`","AC-PRJ-001…004; AC-VIEW-001"
"FR-PRJ-008","Functional","Implemented","يجب أن يضيف النظام المدير والمستخدم المنشئ كعضوين مديرين نشطين عند إنشاء المشروع.","`ProjectController@store`","`ProjectWorkflowTest.php`","AC-PRJ-001…004; AC-VIEW-001"
"FR-PRJ-009","Functional","Implemented","يجب أن يسمح بإدارة عضويات المشروع وأدوارها للمستخدم الذي يملك `update` على المشروع.","`ProjectController@update`, `ProjectPolicy.php`","`ProjectWorkflowTest.php`","AC-PRJ-001…004; AC-VIEW-001"
"FR-PRJ-010","Functional","Implemented","يجب أن يمنع الكتابة فوق تعديل مشروع أحدث باستخدام `lock_version` عند التعديل.","`UpdateProjectRequest.php`, `ProjectController@update`","`ProjectWorkflowTest.php`","AC-PRJ-001…004; AC-VIEW-001"
"FR-PRJ-011","Functional","Implemented","يجب أن يوفر مساحة المشروع تبويبات overview والمتطلبات والمهام والزمن والاجتماعات والمخاطر والمشكلات والفريق والوثائق والعميل والنشاط.","`ProjectController@show`, `projects/show.tsx`","`governance-smoke.mjs`, `documents-data-settings-smoke.mjs`","AC-PRJ-001…004; AC-VIEW-001"
"FR-PRJ-012","Functional","Implemented","يجب أن يحمل النظام بيانات التبويب النشط فقط للموارد الكبيرة ويطبق ترقيماً يصل إلى 50 سجلاً في تبويبات الحوكمة.","`ProjectController@show`","`PerformanceVolumeTest.php`","AC-PRJ-001…004; AC-VIEW-001"
"FR-PRJ-013","Functional","Implemented","يجب أن يحسب تقدم المشروع وصحته ومرحلته التالية من خدمة موحدة.","`ProjectMetrics.php`","`ProjectMetricsTest.php`, `ProjectMetricsIntegrationTest.php`","AC-PRJ-001…004; AC-VIEW-001"
"FR-PRJ-014","Functional","Implemented","يجب أن يسمح بأرشفة مشروع قابل للإدارة وإخفائه من القوائم النشطة دون حذف موارده.","`ProjectController@archive`, `ProjectPolicy.php`","`ProjectWorkflowTest.php`","AC-PRJ-001…004; AC-VIEW-001"
"FR-PRJ-015","Functional","Implemented","يجب أن يسمح باستعادة المشروع وفق سياسة Admin أو المدير ذي العضوية النشطة المناسبة.","`ProjectPolicy@restore`, `ProjectController@restore`","`ProjectWorkflowTest.php`","AC-PRJ-001…004; AC-VIEW-001"
"FR-PRJ-016","Functional","Implemented","يجب أن يولد النظام ملخص مشروع PDF مصرحاً يتضمن المشروع وقياساته والمهام والمتطلبات الحالية.","`ProjectSummaryPdfController.php`, `PdfExportService.php`","`PdfExportAuthorizationTest.php`","AC-PRJ-001…004; AC-VIEW-001"
"FR-REQ-001","Functional","Implemented","يجب أن يعرض النظام متطلبات المشروع المصرح به مع الحالة والمالك وترقيم 1–100 حسب الطلب.","`RequirementController@index`","`GovernanceResourcesTest.php`","AC-REQ-001…003; AC-BOOK-001…002"
"FR-REQ-002","Functional","Implemented","يجب أن يسمح لمدير المشروع بإنشاء متطلب عنوانه إلزامي وله وصف ومعايير قبول وأولوية وحالة ومالك اختياري.","`SaveRequirementRequest.php`","`GovernanceResourcesTest.php`","AC-REQ-001…003; AC-BOOK-001…002"
"FR-REQ-003","Functional","Implemented","يجب أن ينشئ النظام كوداً تلقائياً `REQ-#####` إذا لم يقدم المستخدم كوداً.","`RequirementService.php`","`GovernanceResourcesTest.php`","AC-REQ-001…003; AC-BOOK-001…002"
"FR-REQ-004","Functional","Implemented","يجب أن يكون كود المتطلب فريداً داخل المشروع.","migration `000200`, `SaveRequirementRequest.php`","`GovernanceResourcesTest.php`","AC-REQ-001…003; AC-BOOK-001…002"
"FR-REQ-005","Functional","Implemented","يجب أن يكون مالك المتطلب مستخدماً نشطاً وعضواً نشطاً في المشروع.","`SaveRequirementRequest.php`","`GovernanceResourcesTest.php`","AC-REQ-001…003; AC-BOOK-001…002"
"FR-REQ-006","Functional","Implemented","يجب أن يمنع النظام تعارض تعديلات المتطلب باستخدام `lock_version`.","`RequirementService.php`","`GovernanceResourcesTest.php`","AC-REQ-001…003; AC-BOOK-001…002"
"FR-REQ-007","Functional","Implemented","يجب أن يدعم أرشفة المتطلب واستعادته، ولا يسمح باستعادته قبل استعادة المشروع.","`RequirementService.php`","`GovernanceResourcesTest.php`","AC-REQ-001…003; AC-BOOK-001…002"
"FR-REQ-008","Functional","Implemented","يجب أن يدعم ربط المتطلب بعدة مهام وربط المهمة بعدة متطلبات من المشروع نفسه.","`requirement_task`, `SaveTaskRequest.php`","`TaskWorkflowTest.php`, `GovernanceResourcesTest.php`","AC-REQ-001…003; AC-BOOK-001…002"
"FR-REQ-009","Functional","Implemented","يجب أن ينشئ النظام كراسة متطلبات واحدة منطقياً لكل مشروع عند رفع أول إصدار.","`RequirementBookService.php`","`ProjectDocumentWorkflowTest.php`","AC-REQ-001…003; AC-BOOK-001…002"
"FR-REQ-010","Functional","Implemented","يجب أن يسمح برفع إصدارات كراسة بعناوين وأرقام وحالات `draft/under_review/approved/superseded` وملف إلزامي.","طلبات `RequirementBookVersion`","`ProjectDocumentWorkflowTest.php`","AC-REQ-001…003; AC-BOOK-001…002"
"FR-REQ-011","Functional","Implemented","يجب أن يحافظ النظام على إصدار حالي واحد غير مؤرشف، وأن ينقل الحالية ذريعاً عند التعيين أو الأرشفة.","`RequirementBookService.php`","`ProjectDocumentWorkflowTest.php`","AC-REQ-001…003; AC-BOOK-001…002"
"FR-REQ-012","Functional","Implemented","يجب أن يسمح بتحديث metadata الإصدار وتعيينه حالياً وأرشفته واستعادته مع `lock_version` والحفاظ على ملفه.","`RequirementBookController.php`, `RequirementBookService.php`","`ProjectDocumentWorkflowTest.php`","AC-REQ-001…003; AC-BOOK-001…002"
"FR-SET-001","Functional","Implemented","يجب أن يحصر النظام قراءة وتحديث وإعادة ضبط إعدادات النظام في Admin.","`SystemSettingPolicy.php`, `SystemSettingsController.php`","`SystemSettingsTest.php`","AC-SET-001…003"
"FR-SET-002","Functional","Implemented","يجب أن يدعم مجموعات general/company/notifications/automatic_backup/calendar بقيم افتراضية صريحة.","`SystemSettingsService.php`","`SystemSettingsTest.php`","AC-SET-001…003"
"FR-SET-003","Functional","Implemented","يجب أن يحدث النظام المفاتيح المعروفة فقط داخل معاملة ويسجل كل تغيير أو reset.","`SystemSettingsService.php`","`SystemSettingsTest.php`","AC-SET-001…003"
"FR-SET-004","Functional","Implemented","يجب أن يدعم ملف الشركة الاسم والعنوان والاتصال والموقع والأرقام النظامية وشعار CloudTech وinvoice prefix والحشو.","`UpdateSystemSettingsRequest.php`","`SystemSettingsTest.php`, `SalesDocumentWorkflowTest.php`","AC-SET-001…003"
"FR-SET-005","Functional","Implemented","يجب أن يدعم إعداد التنبيهات وتمكين الفئات وlead hours، وإعداد النسخ وتكراره ووقته والاحتفاظ.","`UpdateSystemSettingsRequest.php`","`SystemSettingsTest.php`, `AutomaticBackupCommandTest.php`","AC-SET-001…003"
"FR-SET-006","Functional","Implemented","يجب أن يسمح Admin بعرض وتحديث حالات المشروع والمهمة والمتطلب فقط.","`WorkflowStatusController.php`, `WorkflowStatusPolicy.php`","`WorkflowStatusSettingsTest.php`","AC-SET-001…003"
"FR-SET-007","Functional","Implemented","يجب أن يطلب تحديث الحالات المجموعة الكاملة، ويحافظ على `code`، ويسمح بتعديل label/semantic/color/position/is_active.","`UpdateWorkflowStatusesRequest.php`, `WorkflowStatusService.php`","`WorkflowStatusSettingsTest.php`","AC-SET-001…003"
"FR-SET-008","Functional","Implemented","يجب أن يمنع تعطيل حالة مستخدمة أو ترك نوع workflow دون حالة `open` نشطة، ولا يوفر حذفاً للحالات.","`WorkflowStatusService.php`, `routes/workflow-statuses.php`","`WorkflowStatusSettingsTest.php`","AC-SET-001…003"
"FR-SET-009","Functional","Partial","يجب أن تطبق قيم `calendar.week_start` و`weekend_days` المحفوظة على العرض الأسبوعي؛ التخزين والنموذج منفذان، لكن البناء الحالي ثابت على الأحد والجمعة/السبت.","`SystemSettingsService.php` مقابل `WeeklyScheduleBuilder.php`","`SystemSettingsTest.php`, فجوة GAP-007","AC-SET-001…003; GAP-007"
"FR-SET-010","Functional","Partial","يجب أن يكون إعداد `general.timezone` مصدر وقت العمل الموحد؛ يستخدمه النسخ التلقائي، بينما تعتمد المهام والجدول على `BUSINESS_TIMEZONE` من config.","`AutomaticBackup.php` مقابل طلبات المجال و`WeeklyScheduleBuilder.php`","فجوة GAP-008","AC-SET-001…003; GAP-008"
"FR-SRCH-001","Functional","Implemented","يجب أن يعيد البحث قائمة فارغة لعبارة أقصر من حرفين، وأن يقيد العبارة إلى 80 حرفاً.","`GlobalSearchController.php`","`GlobalSearchTest.php`","AC-SRCH-001…002"
"FR-SRCH-002","Functional","Implemented","يجب أن يبحث في المشاريع والمهام والمتطلبات والعملاء والفريق وقوالب الفواتير والوثائق.","`GlobalSearchController.php`","`GlobalSearchTest.php`, `smoke.mjs`","AC-SRCH-001…002"
"FR-SRCH-003","Functional","Implemented","يجب أن يقيد كل فئة بنطاق رؤية المستخدم، وبحد أقصى 5 نتائج لكل فئة.","`GlobalSearchController.php`","`GlobalSearchTest.php`","AC-SRCH-001…002"
"FR-SRCH-004","Functional","Implemented","يجب أن يعامل `%` و`_` كنص عند البحث ولا يسمح باستعمال LIKE wildcard لتعداد السجلات.","`GlobalSearchController.php`","`GlobalSearchTest.php`","AC-SRCH-001…002"
"FR-SRCH-005","Functional","Implemented","يجب أن تتضمن النتيجة نوعاً وعنواناً وسياقاً ورابطاً مصرحاً لا يكشف مورداً غير متاح.","`GlobalSearchController.php`","`GlobalSearchTest.php`","AC-SRCH-001…002"
"FR-TSK-001","Functional","Implemented","يجب أن تعرض قائمة المهام السجلات النشطة أو المؤرشفة المرئية فقط ضمن مشاريع المستخدم.","`TaskController@index`","`TaskWorkflowTest.php`","AC-TSK-001…004; AC-SCH-001…003"
"FR-TSK-002","Functional","Implemented","يجب أن تدعم القائمة البحث وفلاتر المشروع والمسؤول بما فيه غير المعيّن والحالة والمتأخر والقريب.","`TaskController@index`","`TaskWorkflowTest.php`, `DashboardDrilldownTest.php`","AC-TSK-001…004; AC-SCH-001…003"
"FR-TSK-003","Functional","Implemented","يجب أن تدعم القائمة الفرز حسب النهاية والبداية والعنوان والأولوية والإنشاء ووقت الإسناد، وترقيم 30 سجلاً.","`TaskController@index`","`TaskWorkflowTest.php`","AC-TSK-001…004; AC-SCH-001…003"
"FR-TSK-004","Functional","Implemented","يجب أن توفر واجهة العمل عرض قائمة وعرض Kanban من مصدر المهام نفسه.","`tasks/index.tsx`","`ui-task-regressions.mjs`","AC-TSK-001…004; AC-SCH-001…003"
"FR-TSK-005","Functional","Implemented","يجب أن يسمح النظام بإنشاء مهمة داخل مشروع نشط لمن يملك `create` عليه.","`TaskPolicy.php`, `SaveTaskRequest.php`","`TaskWorkflowTest.php`","AC-TSK-001…004; AC-SCH-001…003"
"FR-TSK-006","Functional","Implemented","يجب أن يكون للمهمة عنوان وحالة وأولوية وبداية ونهاية إلزاميتان، وأن تكون النهاية مساوية للبداية أو بعدها.","`SaveTaskRequest.php`, migration `000200`","`TaskWorkflowTest.php`","AC-TSK-001…004; AC-SCH-001…003"
"FR-TSK-007","Functional","Implemented","يجب أن ينشئ النظام كود المهمة تلقائياً بصيغة `TSK-#####`.","`TaskService@create`","`TaskWorkflowTest.php`","AC-TSK-001…004; AC-SCH-001…003"
"FR-TSK-008","Functional","Implemented","يجب أن يكون المسؤول اختيارياً، وإذا غاب يجب أن يكون `assigned_at` فارغاً.","`SaveTaskRequest.php`, `TaskService.php`","`TaskWorkflowTest.php`","AC-TSK-001…004; AC-SCH-001…003"
"FR-TSK-009","Functional","Implemented","يجب أن يكون المسؤول مستخدماً نشطاً ومديراً للمشروع أو عضواً نشطاً بدور manager/member.","`SaveTaskRequest.php`","`TaskWorkflowTest.php`","AC-TSK-001…004; AC-SCH-001…003"
"FR-TSK-010","Functional","Implemented","يجب أن يملأ النظام وقت الإسناد تلقائياً عند وجود مسؤول وعدم تقديم وقت، دون تغيير وقت بداية المهمة.","`TaskService::normalizeAssignment`","`TaskWorkflowTest.php`","AC-TSK-001…004; AC-SCH-001…003"
"FR-TSK-011","Functional","Implemented","يجب أن يسجل النظام حدث إسناد عند الإنشاء أو تغير المسؤول، متضمناً from/to والمسجل والوقتين والملاحظة الاختيارية.","`TaskService.php`, `task_assignment_events`","`TaskWorkflowTest.php`","AC-TSK-001…004; AC-SCH-001…003"
"FR-TSK-012","Functional","Implemented","يجب أن يدعم تعديل الوصف والحالة والأولوية والمسؤول والجدولة والتقدير والملاحظات والمتطلبات المرتبطة.","`SaveTaskRequest.php`, `TaskService@update`","`TaskWorkflowTest.php`","AC-TSK-001…004; AC-SCH-001…003"
"FR-TSK-013","Functional","Implemented","يجب ألا يسمح بنقل مهمة موجودة إلى مشروع آخر.","`SaveTaskRequest@after`","`TaskWorkflowTest.php`","AC-TSK-001…004; AC-SCH-001…003"
"FR-TSK-014","Functional","Implemented","يجب أن يمنع تعديلين متزامنين للمهمة من الكتابة الصامتة باستخدام `lock_version`.","`TaskService.php`","`TaskWorkflowTest.php`","AC-TSK-001…004; AC-SCH-001…003"
"FR-TSK-015","Functional","Implemented","يجب أن يضبط `completed_at` عند الانتقال إلى حالة دلالتها `done` ويمسحه عند الخروج منها.","`TaskService.php`","`TaskWorkflowTest.php`","AC-TSK-001…004; AC-SCH-001…003"
"FR-TSK-016","Functional","Implemented","يجب أن يسمح للمسؤول عن المهمة بتغيير حالتها فقط حتى إن لم يكن مديراً للمشروع.","`TaskPolicy@updateStatus`","`TaskWorkflowTest.php`","AC-TSK-001…004; AC-SCH-001…003"
"FR-TSK-017","Functional","Implemented","يجب أن يدعم أرشفة المهمة واستعادتها مع `lock_version`، ولا يغير أرشيف مهمة داخل مشروع مؤرشف.","`TaskService::setArchivedState`","`TaskWorkflowTest.php`","AC-TSK-001…004; AC-SCH-001…003"
"FR-TSK-018","Functional","Implemented","يجب أن تحذر واجهة محرر المهمة قبل تجاهل مسودة معدلة وأن تعيد التركيز بعد إغلاق الحوار.","`tasks/index.tsx`","`ui-task-regressions.mjs`, `unsaved-dialogs-smoke.mjs`","AC-TSK-001…004; AC-SCH-001…003"
"FR-USR-001","Functional","Implemented","يجب أن يعرض النظام دليل الفريق للمستخدم النشط، مقيداً بأعضاء المشاريع المشتركة لغير Admin.","`TeamController@index`","`TeamWorkflowTest.php`","AC-DIR-001…002; AC-VIEW-001"
"FR-USR-002","Functional","Implemented","يجب أن يعرض لكل عضو بياناته الأساسية وعدد المشاريع النشطة والمهام المفتوحة ضمن نطاق المشاهد.","`TeamController@index`","`TeamWorkflowTest.php`","AC-DIR-001…002; AC-VIEW-001"
"FR-USR-003","Functional","Implemented","يجب أن يسمح لـAdmin فقط بإنشاء عضو باسم وبريد ودور وحالة وكلمة مرور مؤكدة.","`UserPolicy.php`, `StoreTeamMemberRequest.php`","`TeamWorkflowTest.php`","AC-DIR-001…002; AC-VIEW-001"
"FR-USR-004","Functional","Implemented","يجب أن يحصر الأدوار العامة في `admin`, `project_manager`, `member`, `viewer`.","`StoreTeamMemberRequest.php`","`TeamWorkflowTest.php`","AC-DIR-001…002; AC-VIEW-001"
"FR-USR-005","Functional","Implemented","يجب أن يسمح لـAdmin فقط بتعديل عضو غير مؤرشف.","`UserPolicy.php`","`TeamWorkflowTest.php`","AC-DIR-001…002; AC-VIEW-001"
"FR-USR-006","Functional","Implemented","يجب ألا يسمح لـAdmin بأرشفة حسابه بنفسه.","`UserPolicy.php`","`TeamWorkflowTest.php`","AC-DIR-001…002; AC-VIEW-001"
"FR-USR-007","Functional","Implemented","يجب أن تؤرشف العضوية بجعل الحالة `inactive` وتسجيل `archived_at` مع الحفاظ على الارتباطات.","`TeamController@archive`","`TeamWorkflowTest.php`","AC-DIR-001…002; AC-VIEW-001"
"FR-USR-008","Functional","Implemented","يجب أن يستعيد Admin العضو المؤرشف إلى حالة نشطة.","`TeamController@restore`","`TeamWorkflowTest.php`","AC-DIR-001…002; AC-VIEW-001"
"FR-USR-009","Functional","Implemented","يجب أن يكون لكل عضوية مشروع دور من `manager`, `member`, `viewer` وحالة عضوية.","migration `000200`, `ProjectController.php`","`ProjectWorkflowTest.php`, `TeamWorkflowTest.php`","AC-DIR-001…002; AC-VIEW-001"
"FR-USR-010","Functional","Implemented","يجب أن ترفض كل Policy مستخدماً غير نشط أو مؤرشف قبل تقييم صلاحية المورد.","`app/Policies/*`","`DisabledAccountTest.php`, اختبارات authorization","AC-DIR-001…002; AC-VIEW-001"
"NFR-ACC-001","Non-functional","Implemented","يجب أن تكون كل الإجراءات الحرجة قابلة للوصول بالكيبورد مع focus مرئي وترتيب منطقي.","components/browser a11y smoke","components/browser a11y smoke","AC-NFR-001…002"
"NFR-ACC-002","Non-functional","Implemented","يجب أن يكون رابط التخطي أول هدف Tab وينقل التركيز إلى `main-content`.","`accessibility-responsive-smoke.mjs`","`accessibility-responsive-smoke.mjs`","AC-NFR-001…002"
"NFR-ACC-003","Non-functional","Implemented","يجب أن تحمل الحوارات والجداول وعناصر الأيقونات أسماء وصولية صحيحة، وألا تشير ARIA إلى عناصر مغلقة.","browser tests + UI components","browser tests + UI components","AC-NFR-001…002"
"NFR-ACC-004","Non-functional","Implemented","يجب أن تحبس الحوارات focus وتغلق بـEscape وفق قرار المسودة وتعيد التركيز للمستدعي.","Radix dialogs + browser tests","Radix dialogs + browser tests","AC-NFR-001…002"
"NFR-ACC-005","Non-functional","Implemented","يجب أن تدعم الواجهة `prefers-reduced-motion` وألا تعتمد الدلالة على اللون وحده.","CSS/UI + automated review","CSS/UI + automated review","AC-NFR-001…002"
"NFR-ACC-006","Non-functional","Partial","يجب ألا تفقد الواجهة المحتوى عند 200% zoom؛ توجد محاكاة عروض 720/512، لكن الاختبار اليدوي الفعلي مطلوب.","a11y smoke + GAP-005","a11y smoke + GAP-005","AC-NFR-001…002; GAP-005"
"NFR-ACC-007","Non-functional","Planned","يجب إجراء اختبار قارئ شاشة فعلي بالعربية RTL والإنجليزية LTR، واختبار Bidi ورسائل الأخطاء، وإغلاق العوائق الحرجة قبل ادعاء WCAG 2.2 AA.","GAP-005","GAP-005","AC-NFR-001…002; GAP-005"
"NFR-ACC-008","Non-functional","Implemented","يجب ألا يظهر overflow أفقي غير مقصود في الصفحات الأساسية عند 1440/1024/768/720/512؛ يستثنى scroller الأسبوع.","`accessibility-responsive-smoke.mjs`","`accessibility-responsive-smoke.mjs`","AC-NFR-001…002"
"NFR-I18N-001","Non-functional","Implemented","يجب أن تكون العربية لغة الواجهة الافتراضية باتجاه RTL، وأن تتوفر الإنجليزية باتجاه LTR، مع تنسيق الأرقام والتواريخ وفق اللغة الفعالة في الأسطح المربوطة.","`LocaleRuntime`, `formatters.ts`, React layouts","`locale-smoke.mjs`, `i18n-catalog-check.mjs`","AC-NFR-001…002"
"NFR-I18N-002","Non-functional","Implemented","يجب أن تبقى القيم التقنية كالرمز والبريد والهاتف والتاريخ مقروءة داخل سياقي RTL وLTR.","UI/PDF visual tests","UI/PDF visual tests","AC-NFR-001…002"
"NFR-I18N-003","Non-functional","Implemented","يجب أن تطبع PDF باستخدام UTF-8 واتجاه RTL وخط يدعم العربية.","`PdfExportService.php`","`PdfExportService.php`","AC-NFR-001…002"
"NFR-I18N-004","Non-functional","Partial","يجب أن تستخدم كل حسابات العرض إعداد timezone موحداً؛ توجد حالياً ازدواجية بين setting وconfig.","FR-SET-010/GAP-008","FR-SET-010/GAP-008","AC-NFR-001…002; GAP-008"
"NFR-I18N-005","Non-functional","Implemented","يجب أن يتيح النظام للزائر والمستخدم التبديل بين `ar` و`en`، وأن يحفظ الاختيار سنة في Cookie مشفرة، ويرفض اللغات غير المدعومة، ويشارك اللغة والاتجاه مع Inertia ويعيد `Content-Language`.","`SetLocale.php`, `LocalePreferenceController.php`, `LocaleRuntime`, `LanguageSwitcher`","`LocalePreferenceTest.php`, `locale-smoke.mjs`","AC-NFR-001…002"
"NFR-MNT-001","Non-functional","Implemented","يجب أن تبقى قواعد المجال في Requests/Policies/Services لا في واجهة React وحدها.","بنية `app/` واختبارات المجال","بنية `app/` واختبارات المجال","AC-NFR-006"
"NFR-MNT-002","Non-functional","Implemented","يجب أن تكون المقاييس والحسابات الحرجة في خدمات مشتركة ذات اختبارات وحدة.","`ProjectMetrics`, `SalesCalculator`, `WeeklyScheduleBuilder`","`ProjectMetrics`, `SalesCalculator`, `WeeklyScheduleBuilder`","AC-NFR-006"
"NFR-MNT-003","Non-functional","Implemented","يجب أن تمر تغييرات قاعدة البيانات عبر migrations قابلة للتطبيق من قاعدة فارغة.","`database/migrations`","`database/migrations`","AC-NFR-006"
"NFR-MNT-004","Non-functional","Partial","يجب أن تتطابق وثائق الجاهزية مع آخر migration ونتيجة بوابة؛ ملف الجاهزية الحالي يسبق migration `000440`.","GAP-011","GAP-011","AC-NFR-006; GAP-011"
"NFR-MNT-005","Non-functional","Implemented","يجب أن تحافظ كل متطلبات هذه الكراسة على معرّف ثابت وحالة ودليل تنفيذ/اختبار.","هذه الوثيقة، قسم 8","هذه الوثيقة، قسم 8","AC-NFR-006"
"NFR-OPS-001","Non-functional","Implemented","يجب أن يوفر النظام health endpoint `/up` وأوامر إعداد idempotent للمفتاح وAdmin.","`bootstrap/app.php`, console commands","`bootstrap/app.php`, console commands","AC-NFR-004…006"
"NFR-OPS-002","Non-functional","Implemented","يجب أن يدرج scheduler أوامر النسخ والتنبيهات كل دقيقة وتنظيف اليتيم يومياً.","`routes/console.php`","`routes/console.php`","AC-NFR-004…006"
"NFR-OPS-003","Non-functional","Implemented","يجب أن توفر البوابة أوامر Composer/Pint/PHPStan/PHPUnit وESLint/Prettier/TypeScript/Vite وbrowser checks.","`composer.json`, `package.json`","`composer.json`, `package.json`","AC-NFR-004…006"
"NFR-OPS-004","Non-functional","Planned","يجب تثبيت commit SHA وإعادة كل بوابات الجودة والمigrations والرحلات عليه قبل Go.","GAP-001/GAP-011","GAP-001/GAP-011","AC-NFR-004…006; GAP-001; GAP-011"
"NFR-OPS-005","Non-functional","Planned","يجب مراقبة نجاح scheduler والنسخ والماسح والأقراص والسجلات، وتدوير السجلات والتنبيه على الفشل.","GAP-004","GAP-004","AC-NFR-004…006; GAP-004"
"NFR-OPS-006","Non-functional","Planned","يجب نشر الأسرار في secret manager وعدم حفظها في Git أو بجانب النسخ.","GAP-003/GAP-004","GAP-003/GAP-004","AC-NFR-004…006; GAP-003; GAP-004"
"NFR-PERF-001","Non-functional","Implemented","يجب أن تستخدم القوائم pagination وحدوداً معلنة، وأن تتجنب N+1 في مؤشرات المشروع.","Controllers/`ProjectMetrics`; `PerformanceVolumeTest.php`","Controllers/`ProjectMetrics`; `PerformanceVolumeTest.php`","AC-NFR-003"
"NFR-PERF-002","Non-functional","Implemented","يجب أن يحد الجدول الأسبوعي العناصر المحملة لكل نوع/مشروع إلى 50 والـlanes المرئية إلى 3.","`WeeklyScheduleBuilder.php`","`WeeklyScheduleBuilder.php`","AC-NFR-003"
"NFR-PERF-003","Non-functional","Implemented","يجب أن يحد البحث إلى 5 نتائج لكل فئة وعبارة 80 حرفاً.","`GlobalSearchController.php`","`GlobalSearchController.php`","AC-NFR-003"
"NFR-PERF-004","Non-functional","Planned","يجب أن تحقق العمليات المعتادة `p75 INP ≤ 200ms` على بيئة وبيانات ممثلة؛ لم يثبت القياس بعد.","GAP-006","GAP-006","AC-NFR-003; GAP-006"
"NFR-PERF-005","Non-functional","Planned","يجب أن يحقق البحث `p95 ≤ 500ms` بالحجم المستهدف؛ لم يثبت القياس بعد.","GAP-006","GAP-006","AC-NFR-003; GAP-006"
"NFR-PERF-006","Non-functional","Partial","يجب أن تظل عمليات 1k/10k قابلة للاستخدام؛ توجد اختبارات حجم وقواعد pagination، لكن قياس جهاز/بيئة إنتاج ممثلة مطلوب.","`PerformanceVolumeTest.php`, GAP-006","`PerformanceVolumeTest.php`, GAP-006","AC-NFR-003; GAP-006"
"NFR-PERF-007","Non-functional","Implemented","يجب أن ترفض الاستيرادات/الحزم التي تتجاوز حدود bytes/rows/ZIP entries/expanded size بدلاً من استنزاف الموارد.","data/backup services","data/backup services","AC-NFR-003"
"NFR-PERF-008","Non-functional","Partial","يجب نقل عمليات أكبر مادياً من الحدود الحالية إلى queue؛ المسارات الحالية متزامنة ولا توجد queue workflow كبيرة مكتملة.","GAP-009","GAP-009","AC-NFR-003; GAP-009"
"NFR-PRV-001","Non-functional","Implemented","يجب ألا تعرض الاستجابات كلمات المرور أو أسرار 2FA أو Remember Tokens أو مفاتيح تخزين الملفات.","Models hidden + tests","Models hidden + tests","AC-NFR-004"
"NFR-PRV-002","Non-functional","Implemented","يجب أن يقيد البحث واللوحة والتصدير والتنبيهات والملفات بنطاق المستخدم دون تسريب counts أو metadata.","Scopes/controllers/tests","Scopes/controllers/tests","AC-NFR-004"
"NFR-PRV-003","Non-functional","Implemented","يجب أن ينقح سجل النشاط الأسرار وألا يسجل credential أو bytes الملف.","Activity/Security subscribers","Activity/Security subscribers","AC-NFR-004"
"NFR-PRV-004","Non-functional","Implemented","يجب أن تستخدم تنزيلات PDF/backup cache خاصاً أو no-store ولا تعتمد URL عاماً ثابتاً.","PDF/backup controllers","PDF/backup controllers","AC-NFR-004"
"NFR-PRV-005","Non-functional","Planned","يجب أن يعتمد الـpilot بيانات منقحة وموافقة أصحابها وأقل قدر لازم من البيانات الشخصية.","GAP-006","GAP-006","AC-NFR-004; GAP-006"
"NFR-REL-001","Non-functional","Implemented","يجب أن تنفذ عمليات المجال المركبة داخل معاملات بحيث تتراجع البيانات وسجل النشاط معاً.","Services + feature tests","Services + feature tests","AC-NFR-005…006"
"NFR-REL-002","Non-functional","Implemented","يجب أن تستخدم السجلات الحساسة `lock_version` لمنع lost update وتعرض رسالة قابلة للفهم.","`OptimisticLock.php` + tests","`OptimisticLock.php` + tests","AC-NFR-005…006"
"NFR-REL-003","Non-functional","Implemented","يجب أن تمنع الاستعادة الكتابات المتزامنة بسياج مشترك/حصري ووضع صيانة.","Restore fence tests","Restore fence tests","AC-NFR-005…006"
"NFR-REL-004","Non-functional","Implemented","يجب أن تستعيد عملية النسخ الفاشلة blobs/SQLite/WAL/SHM القديمة أو ترفع خطأ حرجاً يحافظ على مواد العزل.","backup integration tests","backup integration tests","AC-NFR-005…006"
"NFR-REL-005","Non-functional","Implemented","يجب أن تعمل أوامر scheduler بـ`withoutOverlapping` أو lock مناسب.","`routes/console.php`, commands","`routes/console.php`, commands","AC-NFR-005…006"
"NFR-REL-006","Non-functional","Planned","يجب أن توجد نسخة off-host/immutable مجربة ودوران مفاتيح وتمرين restore شهري.","GAP-003","GAP-003","AC-NFR-005…006; GAP-003"
"NFR-REL-007","Non-functional","Planned","يجب إثبات RPO ≤24 ساعة وRTO ≤4 ساعات أو اعتماد استثناء مكتوب قبل Go.","GAP-003","GAP-003","AC-NFR-005…006; GAP-003"
"NFR-SEC-001","Non-functional","Implemented","يجب أن تحمي كل صفحة مجال بالمصادقة والحساب النشط، ومعظمها بالتحقق من البريد.","route middleware + اختبارات Auth","route middleware + اختبارات Auth","AC-NFR-004; AC-NFR-006"
"NFR-SEC-002","Non-functional","Implemented","يجب أن تطبق صلاحية object-level في الخادم لكل مشروع ومهمة وملف وقالب ووظيفة وإعداد.","`app/Policies/*` واختبارات authorization","`app/Policies/*` واختبارات authorization","AC-NFR-004; AC-NFR-006"
"NFR-SEC-003","Non-functional","Implemented","يجب ألا يعتمد التحكم في الوصول على إخفاء زر في React.","Controllers/Requests/Policies","Controllers/Requests/Policies","AC-NFR-004; AC-NFR-006"
"NFR-SEC-004","Non-functional","Implemented","يجب أن يحمي Laravel طلبات التغيير بـCSRF والجلسة، وأن تكون Public API غير موجودة في v1.","middleware/routes","middleware/routes","AC-NFR-004; AC-NFR-006"
"NFR-SEC-005","Non-functional","Implemented","يجب أن تطبق رؤوس nosniff/frame deny/referrer/permissions/COOP/CORP وHSTS في production HTTPS.","`SecurityHeaders.php`, `SecurityHeadersTest.php`","`SecurityHeaders.php`, `SecurityHeadersTest.php`","AC-NFR-004; AC-NFR-006"
"NFR-SEC-006","Non-functional","Implemented","يجب أن تحد المصادقة و2FA وPasskeys والرفع والاستعادة وكلمة المرور من المعدل وفق الضوابط الحالية.","RateLimiters/routes + اختبارات الأمن","RateLimiters/routes + اختبارات الأمن","AC-NFR-004; AC-NFR-006"
"NFR-SEC-007","Non-functional","Implemented","يجب أن تتطلب التغييرات الحساسة والاستعادة تأكيد كلمة مرور حديثاً.","middleware + tests","middleware + tests","AC-NFR-004; AC-NFR-006"
"NFR-SEC-008","Non-functional","Implemented","يجب أن تكون الملفات الخاصة غير قابلة للتنفيذ أو العرض العام، ولا تنزل إلا بعد فحص clean وصلاحية.","File services/policies","File services/policies","AC-NFR-004; AC-NFR-006"
"NFR-SEC-009","Non-functional","Planned","يجب قبل الإنتاج تهيئة ماسح malware فعلي واختبار clean/detected/outage وتحديث التواقيع؛ adapter موجود لكن الدليل الخارجي غير مكتمل.","بوابة GAP-002","بوابة GAP-002","AC-NFR-004; AC-NFR-006; GAP-002"
"NFR-SEC-010","Non-functional","Implemented","يجب أن تشفر نسخ `.pdesk` بمفتاح مستقل عن الحزمة، وتدعم مفاتيح سابقة للتدوير.","backup services/tests","backup services/tests","AC-NFR-004; AC-NFR-006"
"NFR-SEC-011","Non-functional","Implemented","يجب أن تمنع الاستعادة path traversal وzip bomb والتكرار والمخزون غير المتسق.","`ProjectBackupBundleManager.php`","`ProjectBackupBundleManager.php`","AC-NFR-004; AC-NFR-006"
"NFR-SEC-012","Non-functional","Planned","يجب أن يعمل الإنتاج بـTLS و`APP_DEBUG=false` وsession encryption/secure cookies وأسرار خارج Git مع دليل تحقق.","GAP-004","GAP-004","AC-NFR-004; AC-NFR-006; GAP-004"
"NFR-UX-001","Non-functional","Implemented","يجب أن تحفظ الفلاتر الرئيسية في query string وتبقى pagination متسقة معها.","Controllers + browser journeys","Controllers + browser journeys","AC-NFR-001…003"
"NFR-UX-002","Non-functional","Implemented","يجب أن تعرض العمليات الناجحة toast ورسائل التحقق بجانب الحقول أو في سياق مفهوم.","Controllers/Inertia forms","Controllers/Inertia forms","AC-NFR-001…003"
"NFR-UX-003","Non-functional","Implemented","يجب أن تحذر الواجهات الحرجة من مغادرة مسودة غير محفوظة وتسمح بالبقاء أو التجاهل صراحة.","`unsaved-dialogs-smoke.mjs`","`unsaved-dialogs-smoke.mjs`","AC-NFR-001…003"
"NFR-UX-004","Non-functional","Planned","يجب أن يحقق pilot الداخلي نجاح ≥90% للسيناريوهات الحرجة وSUS≥75 قبل تصريح الإنتاج.","GAP-006","GAP-006","AC-NFR-001…003; GAP-006"
